11057,12647,12724,13846,28873,31853,34946,38215,38591,40399,47682,location,timestamp,visitor_history_id,19896
100,500,100,90,82,100,100,88,500,100,89,None,2015-02-28 12:56:18, 29826,500
88,500,100,90,86,100,100,86,500,76,90,None,2015-02-28 12:56:19, 29826,500
88,500,100,92,77,92,85,79,500,100,89,None,2015-02-28 12:56:20, 29826,500
94,500,100,93,77,92,100,79,500,80,88,None,2015-02-28 12:56:21, 29826,500
92,500,100,96,79,91,89,84,500,100,88,None,2015-02-28 12:56:22, 29826,500
92,500,100,100,83,91,86,86,500,73,88,None,2015-02-28 12:56:23, 29826,500
91,500,100,95,87,100,89,84,500,100,87,None,2015-02-28 12:56:24, 29826,500
92,500,100,92,89,100,92,86,500,83,87,None,2015-02-28 12:56:25, 29826,500
90,500,100,92,89,92,92,100,500,100,85,None,2015-02-28 12:56:26, 29826,500
88,500,95,91,85,91,92,87,500,80,88,None,2015-02-28 12:56:27, 29826,500
85,500,95,92,80,92,92,84,500,81,87,None,2015-02-28 12:56:28, 29826,500
100,500,95,96,78,97,100,82,500,91,88,None,2015-02-28 12:56:29, 29826,500
89,500,100,100,78,91,87,82,500,76,88,None,2015-02-28 12:56:30, 29826,500
100,500,100,93,90,89,88,83,500,76,89,None,2015-02-28 12:56:31, 29826,500
100,500,100,93,85,89,90,85,500,77,88,None,2015-02-28 12:56:32, 29826,500
90,500,96,92,100,100,84,83,500,79,86,None,2015-02-28 12:56:33, 29826,500
90,500,96,96,78,100,84,82,500,82,86,None,2015-02-28 12:56:34, 29826,500
90,500,100,100,76,88,100,83,500,78,89,None,2015-02-28 12:56:35, 29826,500
96,500,100,100,79,89,92,83,500,78,90,None,2015-02-28 12:56:36, 29826,500
96,500,100,100,83,94,91,80,500,78,88,None,2015-02-28 12:56:37, 29826,500
89,500,100,92,84,100,92,79,500,77,89,None,2015-02-28 12:56:38, 29826,500
90,500,100,91,80,100,100,82,500,78,88,None,2015-02-28 12:56:39, 29826,500
91,500,100,100,78,100,85,82,500,81,87,None,2015-02-28 12:56:40, 29826,500
87,500,100,93,78,91,86,82,500,79,88,None,2015-02-28 12:56:41, 29826,500
87,500,100,100,82,91,81,88,500,79,87,None,2015-02-28 12:56:42, 29826,500
100,500,100,100,84,92,100,80,500,84,87,None,2015-02-28 12:56:43, 29826,500
91,500,500,100,85,92,90,77,500,84,91,None,2015-02-28 12:56:44, 29826,500
86,500,500,100,87,96,89,75,500,85,90,None,2015-02-28 12:56:45, 29826,500
86,500,100,100,86,92,91,75,500,82,88,None,2015-02-28 12:56:46, 29826,500
86,500,100,100,82,93,87,78,500,81,86,None,2015-02-28 12:56:47, 29826,500
100,500,100,100,81,93,85,87,500,80,86,None,2015-02-28 12:56:48, 29826,500
100,500,100,100,79,91,92,79,500,79,85,None,2015-02-28 12:56:49, 29826,500
100,500,100,94,80,90,90,76,500,79,86,None,2015-02-28 12:56:50, 29826,500
100,500,95,100,83,90,89,83,500,83,87,None,2015-02-28 12:56:51, 29826,500
84,500,94,100,100,91,84,84,500,83,86,None,2015-02-28 12:56:52, 29826,500
86,500,94,100,79,91,84,83,500,82,86,None,2015-02-28 12:56:53, 29826,500
90,500,100,100,78,90,84,79,500,80,86,None,2015-02-28 12:56:54, 29826,500
90,500,100,100,82,91,85,79,500,83,87,None,2015-02-28 12:56:55, 29826,500
90,500,100,100,100,92,89,82,500,82,87,None,2015-02-28 12:56:56, 29826,500
91,500,100,100,86,96,84,82,500,82,86,None,2015-02-28 12:56:57, 29826,500
100,500,94,100,84,94,84,85,500,84,85,None,2015-02-28 12:56:58, 29826,500
91,500,94,100,84,100,84,86,500,82,86,None,2015-02-28 12:56:59, 29826,500
91,500,100,100,84,92,77,87,500,76,89,None,2015-02-28 12:57:00, 29826,500
100,500,100,100,83,100,80,79,500,80,86,None,2015-02-28 12:57:01, 29826,500
83,500,100,100,83,100,77,79,500,85,86,None,2015-02-28 12:57:02, 29826,500
84,500,100,500,85,100,78,86,500,84,100,None,2015-02-28 12:57:03, 29826,500
86,500,100,500,85,100,85,82,500,82,100,None,2015-02-28 12:57:04, 29826,500
86,500,100,500,85,100,84,82,500,80,100,None,2015-02-28 12:57:05, 29826,500
86,500,100,500,85,100,82,84,500,76,88,None,2015-02-28 12:57:06, 29826,500
86,500,100,500,79,100,100,79,500,76,87,None,2015-02-28 12:57:07, 29826,500
83,500,500,500,79,100,86,76,500,80,100,None,2015-02-28 12:57:08, 29826,500
83,500,500,500,81,100,86,76,500,78,86,None,2015-02-28 12:57:09, 29826,500
100,500,500,500,81,500,85,74,500,78,84,None,2015-02-28 12:57:10, 29826,500
100,500,500,500,100,500,82,73,500,78,100,None,2015-02-28 12:57:11, 29826,500
100,500,500,500,100,500,83,73,500,76,100,None,2015-02-28 12:57:12, 29826,500
100,500,500,500,87,500,86,79,500,77,86,None,2015-02-28 12:57:13, 29826,500
100,500,500,500,100,500,89,80,500,83,100,None,2015-02-28 12:57:14, 29826,500
100,500,500,500,100,500,88,79,500,83,88,None,2015-02-28 12:57:15, 29826,500
100,500,500,500,100,500,85,77,500,83,88,None,2015-02-28 12:57:16, 29826,500
100,500,500,500,100,500,86,81,500,79,88,None,2015-02-28 12:57:17, 29826,500
100,500,500,500,100,500,89,84,500,82,88,None,2015-02-28 12:57:18, 29826,500
500,500,500,500,100,500,86,87,500,83,82,None,2015-02-28 12:57:19, 29826,500
500,500,500,500,88,500,86,84,500,82,81,None,2015-02-28 12:57:20, 29826,500
500,500,500,88,88,500,100,82,500,75,80,None,2015-02-28 12:57:21, 29826,500
89,500,500,100,84,88,100,80,500,70,84,None,2015-02-28 12:57:22, 29826,500
87,500,500,100,84,88,81,81,500,68,86,None,2015-02-28 12:57:23, 29826,500
85,500,500,100,100,88,77,80,500,75,87,None,2015-02-28 12:57:24, 29826,500
85,500,500,100,82,100,76,81,500,80,87,None,2015-02-28 12:57:25, 29826,500
100,500,500,100,85,100,73,81,500,77,88,None,2015-02-28 12:57:26, 29826,500
100,500,500,100,84,87,100,79,500,79,85,None,2015-02-28 12:57:27, 29826,500
100,500,500,100,83,87,68,86,500,81,85,None,2015-02-28 12:57:28, 29826,500
100,500,500,100,85,86,73,86,500,81,85,None,2015-02-28 12:57:29, 29826,500
100,500,500,100,84,81,77,82,500,78,86,None,2015-02-28 12:57:30, 29826,500
100,500,500,500,82,100,75,79,500,80,85,None,2015-02-28 12:57:31, 29826,500
84,500,500,500,83,100,100,79,500,80,89,None,2015-02-28 12:57:32, 29826,500
82,500,500,500,83,100,100,87,500,81,87,None,2015-02-28 12:57:33, 29826,500
87,500,500,500,79,89,77,86,500,82,100,None,2015-02-28 12:57:34, 29826,500
77,500,500,500,89,87,76,81,500,85,100,None,2015-02-28 12:57:35, 29826,500
82,500,500,500,87,87,76,82,500,84,100,None,2015-02-28 12:57:36, 29826,500
79,500,500,500,100,88,83,87,500,85,100,None,2015-02-28 12:57:37, 29826,500
80,500,500,500,100,89,83,100,500,87,100,None,2015-02-28 12:57:38, 29826,500
83,500,500,500,100,88,78,100,500,87,100,None,2015-02-28 12:57:39, 29826,500
82,500,500,500,100,87,73,87,500,84,100,None,2015-02-28 12:57:40, 29826,500
81,500,500,500,100,100,78,87,500,86,100,None,2015-02-28 12:57:41, 29826,500
83,500,500,500,100,100,79,89,500,87,100,None,2015-02-28 12:57:42, 29826,500
75,500,500,500,100,100,77,86,500,85,500,None,2015-02-28 12:57:43, 29826,500
74,500,500,500,100,84,76,87,500,86,500,None,2015-02-28 12:57:44, 29826,500
76,500,500,500,100,86,74,89,500,83,500,None,2015-02-28 12:57:45, 29826,500
78,500,500,500,500,100,80,89,500,82,500,None,2015-02-28 12:57:46, 29826,500
84,500,500,500,500,100,75,100,500,84,500,None,2015-02-28 12:57:47, 29826,500
81,500,500,500,500,100,85,100,500,88,500,None,2015-02-28 12:57:48, 29826,500
76,500,500,500,500,100,80,100,500,88,500,None,2015-02-28 12:57:49, 29826,500
77,500,500,500,500,100,75,87,500,83,500,None,2015-02-28 12:57:50, 29826,500
100,500,500,500,89,100,81,88,500,82,500,None,2015-02-28 12:57:51, 29826,500
85,500,500,500,89,100,81,89,500,88,500,None,2015-02-28 12:57:52, 29826,500
100,500,500,500,100,100,78,100,500,88,500,None,2015-02-28 12:57:53, 29826,500
86,500,500,500,100,100,87,100,500,87,500,None,2015-02-28 12:57:54, 29826,500
81,500,500,500,100,500,87,100,500,87,500,None,2015-02-28 12:57:55, 29826,500
78,500,500,500,100,500,88,100,500,89,500,None,2015-02-28 12:57:56, 29826,500
74,500,500,500,100,500,100,100,500,89,500,None,2015-02-28 12:57:57, 29826,500
81,500,500,500,100,500,80,100,500,100,500,None,2015-02-28 12:57:58, 29826,500
80,500,500,500,100,500,83,100,500,86,500,None,2015-02-28 12:57:59, 29826,500
81,500,500,500,100,86,82,100,500,82,500,None,2015-02-28 12:58:00, 29826,500
80,500,500,500,500,86,78,500,500,85,500,None,2015-02-28 12:58:01, 29826,500
78,500,500,500,500,100,82,500,500,100,500,None,2015-02-28 12:58:02, 29826,500
79,500,500,500,500,100,86,500,500,100,500,None,2015-02-28 12:58:03, 29826,500
78,500,500,500,500,100,84,500,500,100,500,None,2015-02-28 12:58:04, 29826,500
81,500,500,500,500,100,79,500,500,100,500,None,2015-02-28 12:58:05, 29826,500
84,500,500,500,500,100,78,500,500,100,500,None,2015-02-28 12:58:06, 29826,500
83,500,500,500,500,100,100,500,500,100,500,None,2015-02-28 12:58:07, 29826,500
80,500,500,500,500,100,100,500,500,100,500,None,2015-02-28 12:58:08, 29826,500
79,500,500,500,500,100,84,500,500,86,500,None,2015-02-28 12:58:09, 29826,500
100,500,500,500,500,500,85,500,500,100,500,None,2015-02-28 12:58:10, 29826,500
88,500,500,500,500,500,83,500,500,85,500,None,2015-02-28 12:58:11, 29826,500
77,500,500,500,500,500,81,500,500,100,500,None,2015-02-28 12:58:12, 29826,500
84,500,500,500,500,500,82,500,500,86,500,None,2015-02-28 12:58:13, 29826,500
79,500,500,500,86,500,78,500,500,100,500,None,2015-02-28 12:58:14, 29826,500
83,500,500,500,100,500,75,500,500,84,500,None,2015-02-28 12:58:15, 29826,500
76,500,500,500,100,500,75,500,500,100,500,None,2015-02-28 12:58:16, 29826,500
81,500,500,500,86,500,74,500,500,87,500,None,2015-02-28 12:58:17, 29826,500
85,500,500,500,100,500,76,500,500,100,500,None,2015-02-28 12:58:18, 29826,500
81,500,500,500,100,500,80,500,500,88,500,None,2015-02-28 12:58:19, 29826,500
79,500,500,500,100,500,86,500,500,100,500,None,2015-02-28 12:58:20, 29826,500
79,500,500,500,100,500,89,500,500,100,500,None,2015-02-28 12:58:21, 29826,500
87,500,500,500,100,500,82,500,500,100,500,None,2015-02-28 12:58:22, 29826,500
87,500,500,500,100,500,82,500,500,100,500,None,2015-02-28 12:58:23, 29826,500
84,500,500,500,100,500,88,500,500,100,500,None,2015-02-28 12:58:24, 29826,500
83,500,500,500,100,500,88,500,500,100,500,None,2015-02-28 12:58:25, 29826,500
82,500,500,500,100,500,79,500,500,100,500,None,2015-02-28 12:58:26, 29826,500
82,500,500,500,500,500,79,500,500,100,500,None,2015-02-28 12:58:27, 29826,500
100,500,500,500,500,500,100,500,500,100,500,None,2015-02-28 12:58:28, 29826,500
100,500,500,500,500,500,81,500,500,500,500,None,2015-02-28 12:58:29, 29826,500
100,500,500,500,500,500,100,500,500,500,500,None,2015-02-28 12:58:30, 29826,500
100,500,500,500,500,500,78,500,500,500,500,None,2015-02-28 12:58:31, 29826,500
83,500,500,500,500,500,77,500,500,500,500,None,2015-02-28 12:58:32, 29826,500
84,500,500,500,500,500,82,500,500,500,500,None,2015-02-28 12:58:33, 29826,500
100,500,500,500,500,500,86,500,500,500,500,None,2015-02-28 12:58:34, 29826,500
100,500,500,500,500,500,87,500,500,500,500,None,2015-02-28 12:58:35, 29826,500
100,500,500,500,500,500,86,500,500,500,500,None,2015-02-28 12:58:36, 29826,500
89,500,500,500,500,500,83,500,500,500,500,None,2015-02-28 12:58:37, 29826,500
86,500,500,500,500,500,79,500,500,500,500,None,2015-02-28 12:58:38, 29826,500
87,500,500,500,500,500,81,500,500,89,500,None,2015-02-28 12:58:39, 29826,500
86,500,500,500,500,500,84,500,500,100,500,None,2015-02-28 12:58:40, 29826,500
84,500,500,500,500,500,81,500,500,100,500,None,2015-02-28 12:58:41, 29826,500
82,500,500,500,500,500,76,500,500,100,500,None,2015-02-28 12:58:42, 29826,500
88,500,500,500,500,500,76,500,500,100,500,None,2015-02-28 12:58:43, 29826,500
87,500,500,500,500,500,82,500,500,100,500,None,2015-02-28 12:58:44, 29826,500
85,500,500,500,500,500,85,500,500,100,500,None,2015-02-28 12:58:45, 29826,500
85,500,500,500,500,500,81,500,500,100,500,None,2015-02-28 12:58:46, 29826,500
86,500,500,500,500,500,79,500,500,100,500,None,2015-02-28 12:58:47, 29826,500
86,500,500,500,500,500,100,500,500,100,500,None,2015-02-28 12:58:48, 29826,500
100,500,500,500,500,500,81,500,500,500,500,None,2015-02-28 12:58:49, 29826,500
84,500,500,500,500,500,82,500,500,500,500,None,2015-02-28 12:58:50, 29826,500
83,500,500,500,500,500,100,500,500,500,500,None,2015-02-28 12:58:51, 29826,500
82,500,500,500,500,500,83,500,500,500,500,None,2015-02-28 12:58:52, 29826,500
87,500,500,500,500,500,80,500,500,500,500,None,2015-02-28 12:58:53, 29826,500
84,500,500,500,500,500,81,500,500,500,500,None,2015-02-28 12:58:54, 29826,500
86,500,500,500,500,500,76,88,500,88,500,None,2015-02-28 12:58:55, 29826,500
86,500,500,500,500,500,79,88,500,100,500,None,2015-02-28 12:58:56, 29826,500
82,500,500,500,500,500,79,100,500,85,500,None,2015-02-28 12:58:57, 29826,500
81,500,500,500,500,500,79,100,500,100,500,None,2015-02-28 12:58:58, 29826,500
87,500,500,500,500,500,79,100,500,100,500,None,2015-02-28 12:58:59, 29826,500
78,500,500,500,500,87,79,100,500,100,500,None,2015-02-28 12:59:00, 29826,500
80,500,500,500,500,87,78,100,500,89,500,None,2015-02-28 12:59:01, 29826,500
80,500,500,500,500,100,77,100,500,100,500,None,2015-02-28 12:59:02, 29826,500
82,500,500,500,500,100,75,100,500,85,500,None,2015-02-28 12:59:03, 29826,500
81,500,500,500,500,100,75,100,500,100,500,None,2015-02-28 12:59:04, 29826,500
75,500,500,500,500,100,83,500,500,100,500,None,2015-02-28 12:59:05, 29826,500
73,500,500,500,500,100,86,500,500,100,500,None,2015-02-28 12:59:06, 29826,500
79,500,500,500,500,100,82,500,500,100,500,None,2015-02-28 12:59:07, 29826,500
84,500,500,500,500,100,80,500,500,100,500,None,2015-02-28 12:59:08, 29826,500
82,500,500,500,500,100,79,500,500,83,500,None,2015-02-28 12:59:09, 29826,500
80,500,500,500,500,500,78,500,500,100,500,None,2015-02-28 12:59:10, 29826,500
79,500,500,500,89,500,78,500,500,100,500,None,2015-02-28 12:59:11, 29826,500
82,500,500,500,89,500,79,500,500,100,500,None,2015-02-28 12:59:12, 29826,500
85,500,500,500,100,500,100,500,500,83,500,None,2015-02-28 12:59:13, 29826,500
100,500,500,500,100,500,80,500,500,100,500,None,2015-02-28 12:59:14, 29826,500
100,500,500,500,100,500,84,500,500,89,500,None,2015-02-28 12:59:15, 29826,500
79,500,500,500,100,500,77,500,500,85,500,None,2015-02-28 12:59:16, 29826,500
87,500,500,500,100,500,73,500,500,82,500,None,2015-02-28 12:59:17, 29826,500
81,500,500,500,87,89,74,500,500,77,500,None,2015-02-28 12:59:18, 29826,500
100,500,500,89,100,89,73,500,500,78,500,None,2015-02-28 12:59:19, 29826,500
88,500,500,100,79,100,71,84,500,79,500,None,2015-02-28 12:59:20, 29826,500
82,500,500,100,86,100,67,100,500,78,500,None,2015-02-28 12:59:21, 29826,500
100,500,500,100,89,100,73,82,500,79,89,None,2015-02-28 12:59:22, 29826,500
100,500,500,87,82,100,76,100,500,81,100,None,2015-02-28 12:59:23, 29826,500
100,500,500,100,79,100,72,78,500,76,85,None,2015-02-28 12:59:24, 29826,500
100,500,500,100,81,100,78,100,500,76,100,None,2015-02-28 12:59:25, 29826,500
84,500,500,100,78,100,75,84,500,73,100,None,2015-02-28 12:59:26, 29826,500
84,500,500,100,84,100,72,100,500,75,100,None,2015-02-28 12:59:27, 29826,500
100,500,500,100,87,89,71,82,500,73,80,None,2015-02-28 12:59:28, 29826,500
89,500,500,100,78,89,100,100,500,73,100,None,2015-02-28 12:59:29, 29826,500
85,500,500,100,82,85,80,85,500,75,100,None,2015-02-28 12:59:30, 29826,500
84,500,500,100,84,85,82,100,500,75,100,None,2015-02-28 12:59:31, 29826,500
85,500,500,100,81,100,83,100,500,72,100,None,2015-02-28 12:59:32, 29826,500
83,500,500,500,84,100,78,100,500,73,100,None,2015-02-28 12:59:33, 29826,500
100,500,500,500,82,100,78,86,500,73,100,None,2015-02-28 12:59:34, 29826,500
100,500,500,500,79,100,88,100,500,71,100,None,2015-02-28 12:59:35, 29826,500
100,500,500,500,83,83,83,74,500,69,82,None,2015-02-28 12:59:36, 29826,500
100,500,500,500,85,83,80,100,500,73,100,None,2015-02-28 12:59:37, 29826,500
100,89,500,500,84,85,80,75,500,71,84,None,2015-02-28 12:59:38, 29826,500
100,89,500,75,77,85,81,100,500,71,100,None,2015-02-28 12:59:39, 29826,500
100,87,500,100,88,100,81,68,500,71,74,None,2015-02-28 12:59:40, 29826,500
100,87,500,81,71,100,85,100,500,69,100,None,2015-02-28 12:59:41, 29826,500
500,89,500,100,100,86,85,70,500,68,100,None,2015-02-28 12:59:42, 29826,500
500,100,89,100,82,86,86,100,500,71,100,None,2015-02-28 12:59:43, 29826,500
500,100,89,100,83,100,86,81,500,73,86,None,2015-02-28 12:59:44, 29826,500
500,100,100,78,79,100,85,100,500,75,100,None,2015-02-28 12:59:45, 29826,500
500,82,100,100,76,100,100,80,500,75,81,None,2015-02-28 12:59:46, 29826,500
500,100,85,75,74,100,87,100,500,73,100,None,2015-02-28 12:59:47, 29826,500
500,86,85,100,71,100,85,84,500,77,100,None,2015-02-28 12:59:48, 29826,500
500,78,100,68,71,100,86,100,500,76,100,None,2015-02-28 12:59:49, 29826,500
500,85,100,100,78,100,89,82,89,78,79,None,2015-02-28 12:59:50, 29826,500
500,82,100,76,79,100,100,100,100,80,100,None,2015-02-28 12:59:51, 29826,500
500,80,100,100,74,82,100,100,100,80,88,None,2015-02-28 12:59:52, 29826,500
500,82,100,100,72,82,100,100,100,76,100,None,2015-02-28 12:59:53, 29826,500
500,100,100,100,80,100,100,81,100,81,100,None,2015-02-28 12:59:54, 29826,500
500,88,100,76,80,100,100,100,100,72,100,None,2015-02-28 12:59:55, 29826,500
500,88,86,100,84,88,78,83,100,73,100,None,2015-02-28 12:59:56, 29826,500
500,100,86,85,81,88,85,100,100,78,100,None,2015-02-28 12:59:57, 29826,500
500,88,100,100,75,89,86,78,100,77,100,None,2015-02-28 12:59:58, 29826,500
500,88,100,84,71,89,86,100,100,73,100,None,2015-02-28 12:59:59, 29826,500
500,100,100,100,73,85,100,100,500,74,87,None,2015-02-28 13:00:00, 29826,500
500,100,100,75,76,85,89,100,500,76,100,None,2015-02-28 13:00:01, 29826,500
500,86,88,100,75,100,89,100,500,78,80,None,2015-02-28 13:00:02, 29826,500
500,85,88,72,100,100,100,100,500,81,100,None,2015-02-28 13:00:03, 29826,500
500,84,100,100,63,87,100,100,87,84,81,None,2015-02-28 13:00:04, 29826,500
500,88,100,85,65,87,100,100,100,84,100,None,2015-02-28 13:00:05, 29826,500
500,84,86,100,100,100,100,100,84,86,85,None,2015-02-28 13:00:06, 29826,500
500,81,86,82,74,100,100,100,100,83,100,None,2015-02-28 13:00:07, 29826,500
500,81,100,100,76,100,100,500,85,84,100,None,2015-02-28 13:00:08, 29826,500
500,84,100,81,74,100,100,500,100,84,100,None,2015-02-28 13:00:09, 29826,500
500,84,100,100,76,85,100,500,100,84,100,None,2015-02-28 13:00:10, 29826,500
500,80,100,73,70,85,500,500,100,84,100,None,2015-02-28 13:00:11, 29826,500
500,83,100,100,66,100,500,500,100,84,100,None,2015-02-28 13:00:12, 29826,500
500,81,84,76,66,100,500,500,100,81,100,None,2015-02-28 13:00:13, 29826,500
500,81,100,100,64,86,500,500,100,81,100,None,2015-02-28 13:00:14, 29826,500
500,77,100,78,73,86,500,500,100,87,100,None,2015-02-28 13:00:15, 29826,500
500,73,100,100,73,100,500,500,100,86,500,None,2015-02-28 13:00:16, 29826,500
500,75,100,76,78,100,500,500,100,86,500,None,2015-02-28 13:00:17, 29826,500
500,75,100,100,78,100,500,500,500,100,500,None,2015-02-28 13:00:18, 29826,500
500,77,100,100,78,100,500,500,500,100,500,None,2015-02-28 13:00:19, 29826,500
500,78,100,100,75,100,500,500,500,100,500,None,2015-02-28 13:00:20, 29826,500
500,76,100,100,75,100,500,500,500,100,500,None,2015-02-28 13:00:21, 29826,500
500,77,100,100,79,100,500,500,500,100,500,None,2015-02-28 13:00:22, 29826,500
500,75,500,73,78,100,500,500,500,100,500,None,2015-02-28 13:00:23, 29826,500
500,73,500,100,82,500,500,500,500,100,500,None,2015-02-28 13:00:24, 29826,500
500,75,500,100,84,500,500,500,500,100,500,None,2015-02-28 13:00:25, 29826,500
500,68,500,100,100,500,500,500,500,100,500,None,2015-02-28 13:00:26, 29826,500
500,86,500,100,100,500,500,500,500,500,500,None,2015-02-28 13:00:27, 29826,500
500,72,500,100,77,500,500,500,500,500,500,None,2015-02-28 13:00:28, 29826,500
500,66,500,100,77,500,500,500,500,500,500,None,2015-02-28 13:00:29, 29826,500
500,77,500,100,82,500,500,500,500,500,500,None,2015-02-28 13:00:30, 29826,500
500,71,500,100,85,500,500,500,500,500,500,None,2015-02-28 13:00:31, 29826,500
500,67,500,100,88,500,500,500,500,500,500,None,2015-02-28 13:00:32, 29826,500
500,66,500,75,84,500,500,500,500,500,500,None,2015-02-28 13:00:33, 29826,500
500,78,500,100,80,500,500,500,500,500,500,None,2015-02-28 13:00:34, 29826,500
500,76,500,82,78,500,500,500,500,500,500,None,2015-02-28 13:00:35, 29826,500
500,74,89,100,79,500,500,500,500,500,500,None,2015-02-28 13:00:36, 29826,500
500,77,100,100,78,500,500,500,500,500,500,None,2015-02-28 13:00:37, 29826,500
500,82,100,100,78,500,500,500,500,500,500,None,2015-02-28 13:00:38, 29826,500
500,84,100,77,81,500,500,500,500,89,500,None,2015-02-28 13:00:39, 29826,500
500,78,100,100,85,500,500,500,500,100,500,None,2015-02-28 13:00:40, 29826,500
500,75,100,73,85,500,500,500,500,100,500,None,2015-02-28 13:00:41, 29826,500
500,64,100,100,77,500,500,500,500,100,500,None,2015-02-28 13:00:42, 29826,500
500,64,100,100,78,500,500,500,500,100,500,None,2015-02-28 13:00:43, 29826,500
500,67,100,100,100,500,500,500,500,100,500,None,2015-02-28 13:00:44, 29826,500
500,71,100,100,82,500,500,500,500,100,500,None,2015-02-28 13:00:45, 29826,500
500,75,500,100,100,500,500,500,500,100,500,None,2015-02-28 13:00:46, 29826,500
500,76,500,100,87,500,500,500,500,100,500,None,2015-02-28 13:00:47, 29826,500
500,73,500,100,85,500,500,500,500,100,500,None,2015-02-28 13:00:48, 29826,500
500,76,500,100,85,500,500,500,500,500,500,None,2015-02-28 13:00:49, 29826,500
500,74,500,100,87,500,500,500,500,500,500,None,2015-02-28 13:00:50, 29826,500
500,80,500,88,87,500,500,500,500,500,500,None,2015-02-28 13:00:51, 29826,500
500,76,500,100,85,500,500,500,500,500,500,None,2015-02-28 13:00:52, 29826,500
500,75,500,100,85,500,500,500,500,500,500,None,2015-02-28 13:00:53, 29826,500
500,74,500,100,100,500,500,500,500,500,500,None,2015-02-28 13:00:54, 29826,500
500,76,500,84,86,500,500,500,500,500,500,None,2015-02-28 13:00:55, 29826,500
500,76,500,100,82,500,500,500,500,89,500,None,2015-02-28 13:00:56, 29826,500
500,72,500,86,80,500,500,500,500,89,500,None,2015-02-28 13:00:57, 29826,500
500,72,500,100,81,500,500,500,500,100,500,None,2015-02-28 13:00:58, 29826,500
500,86,500,100,100,500,500,500,500,100,500,None,2015-02-28 13:00:59, 29826,500
500,85,500,100,100,500,500,500,500,100,500,None,2015-02-28 13:01:00, 29826,500
500,79,500,100,87,500,500,500,500,100,500,None,2015-02-28 13:01:01, 29826,500
500,77,500,100,84,500,500,500,500,100,500,None,2015-02-28 13:01:02, 29826,500
500,82,500,100,100,500,500,500,500,100,500,None,2015-02-28 13:01:03, 29826,500
500,85,500,100,100,500,500,500,500,100,500,None,2015-02-28 13:01:04, 29826,500
500,78,500,100,100,500,500,500,500,100,500,None,2015-02-28 13:01:05, 29826,500
500,75,500,100,89,500,500,500,500,100,500,None,2015-02-28 13:01:06, 29826,500
500,79,500,500,100,500,500,500,500,500,500,None,2015-02-28 13:01:07, 29826,500
500,83,500,500,100,500,500,500,500,500,500,None,2015-02-28 13:01:08, 29826,500
500,78,500,500,86,500,500,500,500,500,500,None,2015-02-28 13:01:09, 29826,500
500,84,500,500,85,500,500,500,500,500,500,None,2015-02-28 13:01:10, 29826,500
500,80,500,500,86,500,500,500,500,500,500,None,2015-02-28 13:01:11, 29826,500
500,81,500,500,86,500,500,500,500,500,500,None,2015-02-28 13:01:12, 29826,500
500,85,500,500,85,500,500,500,500,500,500,None,2015-02-28 13:01:13, 29826,500
500,76,500,500,86,500,500,500,500,500,500,None,2015-02-28 13:01:14, 29826,500
500,100,500,500,86,500,500,500,500,500,500,None,2015-02-28 13:01:15, 29826,500
500,77,500,500,86,500,500,500,500,500,500,None,2015-02-28 13:01:16, 29826,500
500,81,500,86,88,500,500,500,500,500,500,None,2015-02-28 13:01:17, 29826,500
500,85,500,100,86,500,500,500,500,500,500,None,2015-02-28 13:01:18, 29826,500
500,78,500,100,80,500,500,500,500,500,500,None,2015-02-28 13:01:19, 29826,500
500,75,500,100,80,500,500,500,500,500,500,None,2015-02-28 13:01:20, 29826,500
500,78,500,100,83,500,500,500,500,500,500,None,2015-02-28 13:01:21, 29826,500
500,77,500,100,78,500,500,500,500,87,500,None,2015-02-28 13:01:22, 29826,500
500,75,500,100,77,500,500,500,500,100,500,None,2015-02-28 13:01:23, 29826,500
500,74,500,100,100,500,500,500,500,100,500,None,2015-02-28 13:01:24, 29826,500
500,75,500,100,85,500,500,500,500,100,500,None,2015-02-28 13:01:25, 29826,500
500,77,500,100,74,500,500,500,500,100,500,None,2015-02-28 13:01:26, 29826,500
500,77,500,77,87,500,500,500,500,100,500,None,2015-02-28 13:01:27, 29826,500
500,75,500,100,87,500,500,500,500,100,500,None,2015-02-28 13:01:28, 29826,500
500,73,500,100,83,500,500,500,500,100,500,None,2015-02-28 13:01:29, 29826,500
500,74,500,100,80,500,500,500,500,100,500,None,2015-02-28 13:01:30, 29826,500
500,71,500,80,80,500,500,500,500,88,500,None,2015-02-28 13:01:31, 29826,500
500,67,500,100,80,500,500,500,500,100,500,None,2015-02-28 13:01:32, 29826,500
500,77,500,100,83,500,500,500,500,100,500,None,2015-02-28 13:01:33, 29826,500
500,72,500,100,82,500,500,500,500,100,500,None,2015-02-28 13:01:34, 29826,500
500,100,500,72,80,500,500,500,500,100,500,None,2015-02-28 13:01:35, 29826,500
500,73,500,100,84,500,500,500,500,100,500,None,2015-02-28 13:01:36, 29826,500
500,76,500,100,78,500,500,500,500,100,500,None,2015-02-28 13:01:37, 29826,500
500,77,500,100,77,500,500,500,500,100,500,None,2015-02-28 13:01:38, 29826,500
500,77,500,75,81,500,500,500,500,100,500,None,2015-02-28 13:01:39, 29826,500
500,78,500,100,79,500,500,500,500,100,500,None,2015-02-28 13:01:40, 29826,500
500,80,500,83,79,500,500,500,500,500,500,None,2015-02-28 13:01:41, 29826,500
500,81,500,100,77,500,500,500,500,500,500,None,2015-02-28 13:01:42, 29826,500
500,82,500,71,75,500,500,500,500,500,500,None,2015-02-28 13:01:43, 29826,500
500,83,500,100,80,500,500,500,500,500,500,None,2015-02-28 13:01:44, 29826,500
500,78,500,83,80,500,500,500,500,89,500,None,2015-02-28 13:01:45, 29826,500
500,72,500,100,100,500,500,500,500,100,500,None,2015-02-28 13:01:46, 29826,500
500,76,500,100,84,500,500,500,500,100,500,None,2015-02-28 13:01:47, 29826,500
500,79,500,100,83,500,500,500,500,100,500,None,2015-02-28 13:01:48, 29826,500
500,80,500,74,78,500,500,500,500,100,500,None,2015-02-28 13:01:49, 29826,500
500,83,500,100,75,500,500,500,500,100,500,None,2015-02-28 13:01:50, 29826,500
500,84,500,83,73,500,500,500,500,100,500,None,2015-02-28 13:01:51, 29826,500
500,100,500,100,71,500,500,500,500,100,500,None,2015-02-28 13:01:52, 29826,500
500,73,500,83,87,500,500,500,500,100,500,None,2015-02-28 13:01:53, 29826,500
500,75,500,100,83,500,500,500,500,100,500,None,2015-02-28 13:01:54, 29826,500
500,74,500,78,79,500,500,500,500,500,500,None,2015-02-28 13:01:55, 29826,500
500,83,500,100,75,500,500,500,500,500,500,None,2015-02-28 13:01:56, 29826,500
500,82,500,79,73,500,500,500,500,500,500,None,2015-02-28 13:01:57, 29826,500
500,74,500,100,76,500,500,500,500,500,500,None,2015-02-28 13:01:58, 29826,500
500,77,500,78,79,500,500,500,500,500,500,None,2015-02-28 13:01:59, 29826,500
500,82,500,100,77,500,500,500,500,500,500,None,2015-02-28 13:02:00, 29826,500
500,81,500,76,78,500,500,500,500,500,500,None,2015-02-28 13:02:01, 29826,500
500,76,500,100,78,500,500,500,500,500,500,None,2015-02-28 13:02:02, 29826,500
500,72,500,86,76,500,500,500,500,500,500,None,2015-02-28 13:02:03, 29826,500
500,73,500,100,77,500,500,500,500,500,500,None,2015-02-28 13:02:04, 29826,500
500,77,500,80,78,500,500,500,500,500,500,None,2015-02-28 13:02:05, 29826,500
500,73,500,100,75,500,500,500,500,500,500,None,2015-02-28 13:02:06, 29826,500
500,71,500,78,82,500,500,500,500,500,500,None,2015-02-28 13:02:07, 29826,500
500,80,500,100,84,500,500,500,500,500,500,None,2015-02-28 13:02:08, 29826,500
500,82,500,75,73,500,500,500,500,500,500,None,2015-02-28 13:02:09, 29826,500
500,79,500,100,77,500,500,500,500,500,500,None,2015-02-28 13:02:10, 29826,500
500,81,500,76,70,500,500,500,500,500,500,None,2015-02-28 13:02:11, 29826,500
500,75,500,100,100,500,500,500,500,500,500,None,2015-02-28 13:02:12, 29826,500
500,83,500,74,73,500,500,500,500,500,500,None,2015-02-28 13:02:13, 29826,500
500,77,500,100,76,500,500,500,500,500,500,None,2015-02-28 13:02:14, 29826,500
500,86,500,74,81,500,500,500,500,500,500,None,2015-02-28 13:02:15, 29826,500
500,80,500,100,85,500,500,500,500,500,500,None,2015-02-28 13:02:16, 29826,500
500,86,500,70,81,500,500,500,500,500,500,None,2015-02-28 13:02:17, 29826,500
500,80,500,100,76,500,500,500,500,500,500,None,2015-02-28 13:02:18, 29826,500
500,80,500,100,74,500,500,500,500,500,500,None,2015-02-28 13:02:19, 29826,500
500,82,500,100,71,500,500,500,500,500,500,None,2015-02-28 13:02:20, 29826,500
500,85,500,84,71,500,500,500,500,500,500,None,2015-02-28 13:02:21, 29826,500
500,86,500,100,76,500,500,500,500,500,500,None,2015-02-28 13:02:22, 29826,500
500,82,500,82,75,500,500,500,500,500,500,None,2015-02-28 13:02:23, 29826,500
500,79,500,100,70,500,500,500,500,500,500,None,2015-02-28 13:02:24, 29826,500
500,79,500,78,73,500,500,500,500,500,500,None,2015-02-28 13:02:25, 29826,500
500,73,500,100,74,500,500,500,500,500,500,None,2015-02-28 13:02:26, 29826,500
500,73,500,72,77,500,500,500,500,500,500,None,2015-02-28 13:02:27, 29826,500
500,73,500,100,64,500,500,500,500,500,500,None,2015-02-28 13:02:28, 29826,500
500,74,500,79,84,500,500,500,500,500,500,None,2015-02-28 13:02:29, 29826,500
500,83,500,100,66,500,500,500,87,500,500,None,2015-02-28 13:02:30, 29826,500
500,82,500,80,73,500,500,500,100,82,500,None,2015-02-28 13:02:31, 29826,500
500,82,500,100,65,500,500,500,85,100,89,None,2015-02-28 13:02:32, 29826,500
500,83,500,77,100,500,500,500,100,83,88,None,2015-02-28 13:02:33, 29826,500
500,76,500,100,71,500,500,500,100,100,100,None,2015-02-28 13:02:34, 29826,500
500,100,500,78,66,500,500,500,100,100,100,None,2015-02-28 13:02:35, 29826,500
500,76,500,100,68,500,500,500,100,100,100,None,2015-02-28 13:02:36, 29826,500
500,79,500,81,72,500,500,500,100,84,88,None,2015-02-28 13:02:37, 29826,500
500,76,500,100,71,85,500,500,86,100,88,None,2015-02-28 13:02:38, 29826,500
500,100,500,79,66,85,500,500,100,100,88,None,2015-02-28 13:02:39, 29826,500
500,80,500,100,61,89,500,500,86,100,88,None,2015-02-28 13:02:40, 29826,500
500,85,500,82,60,89,500,500,100,100,89,None,2015-02-28 13:02:41, 29826,500
500,84,500,100,62,100,500,500,87,100,89,None,2015-02-28 13:02:42, 29826,500
500,82,89,83,64,100,500,500,100,84,100,None,2015-02-28 13:02:43, 29826,500
500,82,100,100,66,81,500,500,83,100,100,None,2015-02-28 13:02:44, 29826,500
500,85,100,79,65,81,500,500,100,86,100,None,2015-02-28 13:02:45, 29826,500
500,87,100,100,69,88,500,500,84,100,88,None,2015-02-28 13:02:46, 29826,500
500,100,100,89,72,88,500,500,100,100,100,None,2015-02-28 13:02:47, 29826,500
500,100,100,100,56,78,500,500,100,100,86,None,2015-02-28 13:02:48, 29826,500
500,87,100,82,68,78,500,500,100,86,81,None,2015-02-28 13:02:49, 29826,500
500,87,100,100,76,100,500,500,81,100,83,None,2015-02-28 13:02:50, 29826,500
500,87,89,81,100,100,500,500,100,83,88,None,2015-02-28 13:02:51, 29826,500
500,100,89,100,62,100,500,500,77,100,85,None,2015-02-28 13:02:52, 29826,500
500,87,100,85,85,100,500,500,100,100,87,None,2015-02-28 13:02:53, 29826,500
500,87,100,100,71,77,500,500,83,100,87,None,2015-02-28 13:02:54, 29826,500
500,100,100,100,78,77,500,500,100,82,85,None,2015-02-28 13:02:55, 29826,500
500,83,100,100,77,89,500,500,100,100,86,None,2015-02-28 13:02:56, 29826,500
500,100,100,100,82,89,500,500,100,100,88,None,2015-02-28 13:02:57, 29826,500
500,100,100,100,100,88,500,500,74,100,100,None,2015-02-28 13:02:58, 29826,500
500,100,100,100,86,88,500,500,100,88,100,None,2015-02-28 13:02:59, 29826,500
500,100,100,100,82,100,500,500,82,100,100,None,2015-02-28 13:03:00, 29826,500
500,100,500,100,75,100,500,500,100,86,100,None,2015-02-28 13:03:01, 29826,500
500,100,500,100,71,100,500,500,74,100,100,None,2015-02-28 13:03:02, 29826,500
500,100,500,500,73,100,500,500,100,85,100,None,2015-02-28 13:03:03, 29826,500
500,100,500,500,74,89,500,500,100,100,100,None,2015-02-28 13:03:04, 29826,500
500,100,500,500,71,89,500,500,100,100,100,None,2015-02-28 13:03:05, 29826,500
500,500,500,500,87,87,500,500,85,100,100,None,2015-02-28 13:03:06, 29826,500
500,500,500,500,82,87,500,500,100,100,500,None,2015-02-28 13:03:07, 29826,500
500,500,500,500,75,100,500,500,70,100,500,None,2015-02-28 13:03:08, 29826,500
500,500,500,500,72,100,500,500,100,87,500,None,2015-02-28 13:03:09, 29826,500
500,500,500,500,73,86,500,500,100,100,500,None,2015-02-28 13:03:10, 29826,500
500,500,500,500,86,86,500,500,100,100,500,None,2015-02-28 13:03:11, 29826,500
500,500,500,500,77,84,500,500,76,100,500,None,2015-02-28 13:03:12, 29826,500
500,500,500,500,74,84,500,500,100,89,500,None,2015-02-28 13:03:13, 29826,500
500,500,500,500,74,100,500,500,70,100,500,None,2015-02-28 13:03:14, 29826,500
500,500,500,500,76,100,500,500,100,100,500,None,2015-02-28 13:03:15, 29826,500
500,500,500,500,75,85,500,500,76,100,500,None,2015-02-28 13:03:16, 29826,500
500,500,500,500,76,85,500,500,100,82,500,None,2015-02-28 13:03:17, 29826,500
500,500,500,500,77,80,500,500,75,100,500,None,2015-02-28 13:03:18, 29826,500
500,500,500,500,82,80,500,500,100,100,500,None,2015-02-28 13:03:19, 29826,500
500,500,500,500,79,84,500,500,74,100,500,None,2015-02-28 13:03:20, 29826,500
500,500,500,500,77,84,500,500,100,100,500,None,2015-02-28 13:03:21, 29826,500
500,500,500,500,79,100,500,500,75,100,500,None,2015-02-28 13:03:22, 29826,500
500,86,500,89,80,100,500,500,100,100,500,None,2015-02-28 13:03:23, 29826,500
500,85,87,100,83,100,500,500,84,100,500,None,2015-02-28 13:03:24, 29826,500
500,85,100,83,82,100,500,500,100,100,500,None,2015-02-28 13:03:25, 29826,500
500,85,100,100,78,89,500,500,89,100,500,None,2015-02-28 13:03:26, 29826,500
500,87,100,100,81,89,500,500,100,500,500,None,2015-02-28 13:03:27, 29826,500
500,88,100,100,81,100,500,500,83,500,500,None,2015-02-28 13:03:28, 29826,500
500,89,100,88,77,100,500,500,100,87,500,None,2015-02-28 13:03:29, 29826,500
500,100,100,100,86,100,500,500,79,100,500,None,2015-02-28 13:03:30, 29826,500
500,100,100,82,100,100,500,500,100,100,500,None,2015-02-28 13:03:31, 29826,500
500,100,100,100,79,88,500,500,100,100,500,None,2015-02-28 13:03:32, 29826,500
500,87,100,84,78,88,500,500,100,100,500,None,2015-02-28 13:03:33, 29826,500
500,87,500,100,77,100,500,500,75,100,500,None,2015-02-28 13:03:34, 29826,500
500,100,500,87,73,100,500,500,100,85,500,None,2015-02-28 13:03:35, 29826,500
500,100,500,100,72,84,500,500,80,100,500,None,2015-02-28 13:03:36, 29826,500
500,100,500,87,78,84,500,500,100,85,500,None,2015-02-28 13:03:37, 29826,500
500,100,500,100,80,89,500,500,100,100,500,None,2015-02-28 13:03:38, 29826,500
500,100,500,100,83,89,500,500,100,88,500,None,2015-02-28 13:03:39, 29826,500
500,100,500,100,80,100,500,500,77,100,500,None,2015-02-28 13:03:40, 29826,500
500,100,500,100,78,100,500,500,100,86,500,None,2015-02-28 13:03:41, 29826,500
500,100,500,100,78,100,500,500,73,100,500,None,2015-02-28 13:03:42, 29826,500
500,500,500,100,84,100,500,500,100,100,500,None,2015-02-28 13:03:43, 29826,500
500,88,500,100,84,87,500,500,80,100,500,None,2015-02-28 13:03:44, 29826,500
500,100,500,100,85,87,500,500,100,87,500,None,2015-02-28 13:03:45, 29826,500
500,100,500,100,83,100,500,500,81,100,500,None,2015-02-28 13:03:46, 29826,500
500,100,500,500,82,100,500,500,100,100,500,None,2015-02-28 13:03:47, 29826,500
500,100,500,500,81,100,500,500,78,100,500,None,2015-02-28 13:03:48, 29826,500
500,100,500,88,76,100,500,500,100,100,500,None,2015-02-28 13:03:49, 29826,500
500,88,500,100,76,84,500,500,77,100,500,None,2015-02-28 13:03:50, 29826,500
500,88,500,100,79,84,500,500,100,100,500,None,2015-02-28 13:03:51, 29826,500
500,100,500,100,77,100,500,500,88,100,500,None,2015-02-28 13:03:52, 29826,500
500,100,500,100,83,100,500,500,100,86,500,None,2015-02-28 13:03:53, 29826,500
500,100,500,100,83,85,500,500,100,100,500,None,2015-02-28 13:03:54, 29826,500
500,88,500,100,78,85,500,500,100,100,500,None,2015-02-28 13:03:55, 29826,500
500,88,500,100,100,89,500,500,81,100,500,None,2015-02-28 13:03:56, 29826,500
500,100,500,100,80,89,500,500,100,100,500,None,2015-02-28 13:03:57, 29826,500
500,100,500,100,83,100,500,500,100,100,500,None,2015-02-28 13:03:58, 29826,500
500,100,500,500,86,100,500,500,100,100,500,None,2015-02-28 13:03:59, 29826,500
500,100,500,500,84,100,500,500,75,100,500,None,2015-02-28 13:04:00, 29826,500
500,100,500,500,82,100,500,500,100,100,500,None,2015-02-28 13:04:01, 29826,500
500,100,500,500,79,88,500,500,80,100,500,None,2015-02-28 13:04:02, 29826,500
500,100,500,500,80,88,500,500,100,500,500,None,2015-02-28 13:04:03, 29826,500
500,100,500,500,81,87,500,500,71,500,500,None,2015-02-28 13:04:04, 29826,500
500,500,500,500,84,87,500,500,100,89,500,None,2015-02-28 13:04:05, 29826,500
500,500,500,500,87,100,500,500,79,100,500,None,2015-02-28 13:04:06, 29826,500
500,500,500,500,87,100,500,500,100,89,500,None,2015-02-28 13:04:07, 29826,500
500,500,500,500,82,84,500,500,100,100,500,None,2015-02-28 13:04:08, 29826,500
500,500,500,500,81,84,500,500,100,85,500,None,2015-02-28 13:04:09, 29826,500
500,500,500,500,84,84,500,500,69,100,500,None,2015-02-28 13:04:10, 29826,500
500,500,500,500,81,84,500,500,100,87,500,None,2015-02-28 13:04:11, 29826,500
500,500,500,500,80,100,500,500,77,100,500,None,2015-02-28 13:04:12, 29826,500
500,500,500,500,86,100,500,500,100,100,500,None,2015-02-28 13:04:13, 29826,500
500,500,500,500,84,87,500,500,67,100,500,None,2015-02-28 13:04:14, 29826,500
500,500,500,500,100,87,500,500,100,100,500,None,2015-02-28 13:04:15, 29826,500
500,500,500,500,75,100,500,500,74,100,500,None,2015-02-28 13:04:16, 29826,500
500,500,500,500,79,100,500,500,100,100,500,None,2015-02-28 13:04:17, 29826,500
500,500,500,500,100,100,500,500,85,100,500,None,2015-02-28 13:04:18, 29826,500
500,500,500,500,100,100,500,500,100,100,500,None,2015-02-28 13:04:19, 29826,500
500,500,500,500,100,87,500,500,80,100,500,None,2015-02-28 13:04:20, 29826,500
500,500,500,500,81,87,500,500,100,89,500,None,2015-02-28 13:04:21, 29826,500
500,500,500,500,80,86,500,500,77,100,500,None,2015-02-28 13:04:22, 29826,500
500,500,500,500,83,86,500,500,100,100,500,None,2015-02-28 13:04:23, 29826,500
500,500,500,500,87,89,500,500,82,100,500,None,2015-02-28 13:04:24, 29826,500
500,500,500,500,83,89,500,500,100,86,500,None,2015-02-28 13:04:25, 29826,500
500,500,500,500,80,89,500,500,81,100,500,None,2015-02-28 13:04:26, 29826,500
500,500,500,500,100,89,500,500,100,100,500,None,2015-02-28 13:04:27, 29826,500
500,500,500,500,87,100,500,500,84,100,500,None,2015-02-28 13:04:28, 29826,500
500,500,500,500,82,100,500,500,100,100,500,None,2015-02-28 13:04:29, 29826,500
500,500,500,500,77,100,500,500,74,100,500,None,2015-02-28 13:04:30, 29826,500
500,500,500,500,83,100,500,500,100,88,500,None,2015-02-28 13:04:31, 29826,500
500,500,500,500,81,87,500,500,80,100,500,None,2015-02-28 13:04:32, 29826,500
500,500,500,500,79,87,500,500,100,100,500,None,2015-02-28 13:04:33, 29826,500
500,500,500,500,78,88,500,500,100,100,500,None,2015-02-28 13:04:34, 29826,500
500,500,500,500,88,88,500,500,100,100,500,None,2015-02-28 13:04:35, 29826,500
500,500,500,500,100,100,500,500,71,100,500,None,2015-02-28 13:04:36, 29826,500
500,500,500,500,80,100,500,500,100,100,500,None,2015-02-28 13:04:37, 29826,500
500,500,500,500,80,100,500,500,84,100,500,None,2015-02-28 13:04:38, 29826,500
500,500,500,500,85,100,500,500,100,100,500,None,2015-02-28 13:04:39, 29826,500
500,500,500,500,85,86,500,500,100,100,500,None,2015-02-28 13:04:40, 29826,500
500,500,500,500,82,86,500,500,100,500,500,None,2015-02-28 13:04:41, 29826,500
500,500,500,500,77,100,500,500,84,500,500,None,2015-02-28 13:04:42, 29826,500
500,500,500,500,75,100,500,500,100,500,500,None,2015-02-28 13:04:43, 29826,500
500,500,500,500,100,100,500,500,87,500,500,None,2015-02-28 13:04:44, 29826,500
500,500,500,500,79,100,500,500,100,86,500,None,2015-02-28 13:04:45, 29826,500
500,500,500,500,79,85,500,500,75,89,500,None,2015-02-28 13:04:46, 29826,500
500,500,500,500,78,85,500,500,100,85,500,None,2015-02-28 13:04:47, 29826,500
500,500,500,500,78,100,500,500,100,83,500,None,2015-02-28 13:04:48, 29826,500
500,500,500,500,76,100,500,500,100,82,500,None,2015-02-28 13:04:49, 29826,500
500,500,500,500,73,84,500,500,68,82,500,None,2015-02-28 13:04:50, 29826,500
500,500,500,500,77,84,500,500,100,88,500,None,2015-02-28 13:04:51, 29826,500
500,500,500,500,78,79,500,500,66,88,500,None,2015-02-28 13:04:52, 29826,500
500,500,500,500,72,80,500,500,100,84,500,None,2015-02-28 13:04:53, 29826,500
500,500,500,500,73,81,500,500,100,84,500,None,2015-02-28 13:04:54, 29826,500
500,89,500,500,70,79,500,500,100,88,500,None,2015-02-28 13:04:55, 29826,500
500,89,500,500,69,77,500,500,78,89,500,None,2015-02-28 13:04:56, 29826,500
500,100,500,500,70,87,500,500,100,88,500,None,2015-02-28 13:04:57, 29826,500
500,100,500,500,100,87,500,500,74,87,500,None,2015-02-28 13:04:58, 29826,500
500,100,500,500,81,88,500,500,100,86,500,None,2015-02-28 13:04:59, 29826,500
500,100,500,500,100,86,500,500,61,80,500,None,2015-02-28 13:05:00, 29826,500
500,100,500,500,76,86,500,500,100,100,500,None,2015-02-28 13:05:01, 29826,500
500,100,500,500,77,82,500,500,65,85,500,None,2015-02-28 13:05:02, 29826,500
500,100,500,500,71,79,500,500,100,82,500,None,2015-02-28 13:05:03, 29826,500
500,100,500,500,73,79,500,500,70,78,500,None,2015-02-28 13:05:04, 29826,500
500,500,500,500,77,80,500,500,100,80,500,None,2015-02-28 13:05:05, 29826,500
500,500,500,500,80,80,500,500,81,82,500,None,2015-02-28 13:05:06, 29826,500
500,500,500,500,85,83,500,500,100,82,500,None,2015-02-28 13:05:07, 29826,500
500,500,500,500,81,84,500,500,88,82,500,None,2015-02-28 13:05:08, 29826,500
500,500,500,500,73,85,500,500,100,85,500,None,2015-02-28 13:05:09, 29826,500
500,500,500,500,73,85,500,500,72,85,500,None,2015-02-28 13:05:10, 29826,500
500,500,500,500,81,79,500,500,100,84,500,None,2015-02-28 13:05:11, 29826,500
500,500,500,500,79,88,500,500,68,84,500,None,2015-02-28 13:05:12, 29826,500
500,500,500,500,70,87,500,500,100,85,500,None,2015-02-28 13:05:13, 29826,500
500,500,500,500,73,86,500,500,83,84,500,None,2015-02-28 13:05:14, 29826,500
500,500,500,500,78,86,500,500,100,85,500,None,2015-02-28 13:05:15, 29826,500
500,500,500,500,77,77,500,500,77,84,500,None,2015-02-28 13:05:16, 29826,500
500,500,500,500,76,77,500,500,100,84,500,None,2015-02-28 13:05:17, 29826,500
500,500,500,500,80,86,500,500,78,86,500,None,2015-02-28 13:05:18, 29826,500
500,500,500,500,100,86,500,500,100,78,500,None,2015-02-28 13:05:19, 29826,500
500,500,500,500,80,85,500,500,85,80,500,None,2015-02-28 13:05:20, 29826,500
500,500,500,500,87,85,500,500,100,77,500,None,2015-02-28 13:05:21, 29826,500
500,500,500,500,85,82,500,500,80,80,500,None,2015-02-28 13:05:22, 29826,500
500,500,500,500,83,82,500,500,100,81,500,None,2015-02-28 13:05:23, 29826,500
500,500,500,500,79,73,500,500,83,81,500,None,2015-02-28 13:05:24, 29826,500
500,500,500,500,82,73,500,500,100,80,500,None,2015-02-28 13:05:25, 29826,500
500,500,500,500,85,79,500,500,81,81,500,None,2015-02-28 13:05:26, 29826,500
500,500,500,500,83,79,500,500,100,83,500,None,2015-02-28 13:05:27, 29826,500
500,500,500,500,80,77,500,500,100,81,500,None,2015-02-28 13:05:28, 29826,500
500,500,500,500,83,77,500,500,100,80,500,None,2015-02-28 13:05:29, 29826,500
500,500,500,500,83,66,500,500,82,78,500,None,2015-02-28 13:05:30, 29826,500
500,500,500,500,80,66,500,500,100,78,500,None,2015-02-28 13:05:31, 29826,500
500,500,500,500,81,75,500,500,87,78,500,None,2015-02-28 13:05:32, 29826,500
500,500,500,500,81,75,500,500,100,78,500,None,2015-02-28 13:05:33, 29826,500
500,500,500,500,79,100,500,500,84,100,500,None,2015-02-28 13:05:34, 29826,500
500,500,500,500,80,100,500,500,100,78,500,None,2015-02-28 13:05:35, 29826,500
500,500,500,500,79,65,500,500,88,100,87,None,2015-02-28 13:05:36, 29826,500
500,500,500,500,83,65,500,500,100,80,100,None,2015-02-28 13:05:37, 29826,500
500,500,500,500,86,66,500,500,84,100,100,None,2015-02-28 13:05:38, 29826,500
500,500,500,89,85,66,500,500,100,86,100,None,2015-02-28 13:05:39, 29826,500
500,500,500,100,100,75,500,500,100,100,100,None,2015-02-28 13:05:40, 29826,500
500,500,500,100,79,75,500,500,100,70,100,None,2015-02-28 13:05:41, 29826,500
500,500,500,100,79,68,500,500,100,100,100,None,2015-02-28 13:05:42, 29826,500
500,500,500,100,84,68,500,500,100,76,100,None,2015-02-28 13:05:43, 29826,500
500,500,500,100,83,100,500,500,100,100,100,None,2015-02-28 13:05:44, 29826,500
500,500,500,100,83,100,500,500,100,72,100,None,2015-02-28 13:05:45, 29826,500
500,500,500,100,85,75,500,500,100,100,89,None,2015-02-28 13:05:46, 29826,500
500,500,500,100,86,75,500,500,100,78,100,None,2015-02-28 13:05:47, 29826,500
500,500,500,100,84,68,500,500,500,100,100,None,2015-02-28 13:05:48, 29826,500
500,500,500,500,83,68,500,500,500,68,100,None,2015-02-28 13:05:49, 29826,500
500,500,500,500,84,100,500,500,85,100,100,None,2015-02-28 13:05:50, 29826,500
500,500,500,500,83,100,500,500,100,71,100,None,2015-02-28 13:05:51, 29826,500
500,500,500,500,81,79,500,500,100,100,100,None,2015-02-28 13:05:52, 29826,500
500,500,500,500,80,79,500,500,100,70,100,None,2015-02-28 13:05:53, 29826,500
500,500,500,500,100,81,500,500,85,100,100,None,2015-02-28 13:05:54, 29826,500
500,500,500,500,83,81,500,500,100,74,100,None,2015-02-28 13:05:55, 29826,500
500,500,500,500,82,68,500,500,100,100,500,None,2015-02-28 13:05:56, 29826,500
500,500,500,500,77,68,500,500,100,69,500,None,2015-02-28 13:05:57, 29826,500
500,500,500,500,86,71,500,500,87,100,500,None,2015-02-28 13:05:58, 29826,500
500,500,500,500,100,71,500,500,100,100,500,None,2015-02-28 13:05:59, 29826,500
500,500,500,500,86,75,500,500,100,100,500,None,2015-02-28 13:06:00, 29826,500
500,500,500,500,85,75,500,500,100,72,500,None,2015-02-28 13:06:01, 29826,500
500,500,500,500,89,83,500,87,100,100,87,None,2015-02-28 13:06:02, 29826,500
500,500,500,500,100,83,500,100,100,69,100,None,2015-02-28 13:06:03, 29826,500
500,500,500,500,82,100,500,89,83,100,82,None,2015-02-28 13:06:04, 29826,500
500,500,500,87,83,100,86,100,100,64,100,None,2015-02-28 13:06:05, 29826,500
500,500,500,100,84,80,86,100,82,100,100,None,2015-02-28 13:06:06, 29826,500
500,500,500,87,84,80,100,100,100,69,100,None,2015-02-28 13:06:07, 29826,500
500,500,500,100,82,72,100,100,81,100,85,None,2015-02-28 13:06:08, 29826,500
500,500,500,100,77,72,100,100,100,64,100,None,2015-02-28 13:06:09, 29826,500
500,500,500,100,75,77,100,84,78,100,81,None,2015-02-28 13:06:10, 29826,500
500,500,500,100,75,77,100,100,100,70,100,None,2015-02-28 13:06:11, 29826,500
500,500,500,100,75,100,89,100,83,100,83,None,2015-02-28 13:06:12, 29826,500
500,500,89,86,79,100,100,100,100,58,100,None,2015-02-28 13:06:13, 29826,500
500,500,100,100,81,84,100,83,100,100,100,None,2015-02-28 13:06:14, 29826,500
500,500,100,100,82,84,100,100,100,59,100,None,2015-02-28 13:06:15, 29826,500
500,500,100,100,86,85,100,87,87,100,80,None,2015-02-28 13:06:16, 29826,500
500,500,100,88,81,85,89,100,100,67,100,None,2015-02-28 13:06:17, 29826,500
500,500,100,100,82,86,100,86,100,100,100,None,2015-02-28 13:06:18, 29826,500
500,500,100,88,100,86,100,100,100,61,100,None,2015-02-28 13:06:19, 29826,500
500,500,100,100,83,76,100,100,84,100,100,None,2015-02-28 13:06:20, 29826,500
500,500,100,100,83,76,100,100,100,65,100,None,2015-02-28 13:06:21, 29826,500
500,500,100,100,85,79,100,100,83,100,84,None,2015-02-28 13:06:22, 29826,500
500,500,500,100,80,79,100,100,100,100,100,None,2015-02-28 13:06:23, 29826,500
500,500,500,100,86,79,100,87,100,100,78,None,2015-02-28 13:06:24, 29826,500
500,500,500,100,81,79,100,100,100,100,100,None,2015-02-28 13:06:25, 29826,500
500,500,500,100,85,100,88,84,100,100,100,None,2015-02-28 13:06:26, 29826,500
500,500,500,81,84,100,88,100,100,57,100,None,2015-02-28 13:06:27, 29826,500
500,500,500,100,86,100,86,83,100,100,88,None,2015-02-28 13:06:28, 29826,500
500,500,500,86,86,100,87,100,100,100,100,None,2015-02-28 13:06:29, 29826,500
500,500,500,100,79,68,88,100,100,100,85,None,2015-02-28 13:06:30, 29826,500
500,500,500,100,74,68,86,100,100,81,100,None,2015-02-28 13:06:31, 29826,500
500,500,500,100,74,74,86,100,82,100,87,None,2015-02-28 13:06:32, 29826,500
500,500,500,100,78,74,86,100,100,80,100,None,2015-02-28 13:06:33, 29826,500
500,500,500,100,85,74,100,79,82,100,86,None,2015-02-28 13:06:34, 29826,500
500,500,500,82,79,74,88,100,100,78,100,None,2015-02-28 13:06:35, 29826,500
500,500,500,100,77,77,100,100,100,100,100,None,2015-02-28 13:06:36, 29826,500
500,500,500,88,77,77,100,100,100,83,100,None,2015-02-28 13:06:37, 29826,500
500,500,500,100,76,78,100,100,83,100,81,None,2015-02-28 13:06:38, 29826,500
500,500,500,100,76,78,88,100,100,83,100,None,2015-02-28 13:06:39, 29826,500
500,500,500,100,71,100,100,100,100,100,87,None,2015-02-28 13:06:40, 29826,500
500,500,500,100,81,100,100,100,100,81,100,None,2015-02-28 13:06:41, 29826,500
500,500,500,100,76,81,100,89,78,100,87,None,2015-02-28 13:06:42, 29826,500
500,500,500,89,76,81,100,100,100,77,100,None,2015-02-28 13:06:43, 29826,500
500,500,500,100,81,79,100,100,78,100,100,None,2015-02-28 13:06:44, 29826,500
500,500,500,100,84,79,100,100,100,89,100,None,2015-02-28 13:06:45, 29826,500
500,500,500,100,100,77,100,100,85,100,100,None,2015-02-28 13:06:46, 29826,500
500,500,500,100,73,77,100,100,100,83,100,None,2015-02-28 13:06:47, 29826,500
500,500,500,100,72,81,100,100,80,100,86,None,2015-02-28 13:06:48, 29826,500
500,500,500,100,71,81,500,100,100,83,100,None,2015-02-28 13:06:49, 29826,500
500,86,500,100,79,100,500,100,78,100,100,None,2015-02-28 13:06:50, 29826,500
500,84,500,84,76,100,500,100,100,83,100,None,2015-02-28 13:06:51, 29826,500
500,100,500,100,72,78,500,500,79,100,100,None,2015-02-28 13:06:52, 29826,500
500,100,500,100,70,78,500,500,100,87,100,None,2015-02-28 13:06:53, 29826,500
500,100,500,100,72,78,500,500,100,100,83,None,2015-02-28 13:06:54, 29826,500
500,100,500,78,74,78,500,500,100,79,100,None,2015-02-28 13:06:55, 29826,500
500,100,500,100,70,75,500,500,81,100,88,None,2015-02-28 13:06:56, 29826,500
500,100,500,88,71,75,500,500,100,77,100,None,2015-02-28 13:06:57, 29826,500
500,100,86,100,71,75,500,500,76,100,100,None,2015-02-28 13:06:58, 29826,500
500,100,86,78,69,75,500,500,100,77,100,None,2015-02-28 13:06:59, 29826,500
500,100,100,100,70,75,500,500,83,100,87,None,2015-02-28 13:07:00, 29826,500
500,500,100,77,75,75,500,500,100,81,100,None,2015-02-28 13:07:01, 29826,500
500,500,100,100,73,77,500,500,80,100,83,None,2015-02-28 13:07:02, 29826,500
500,500,100,86,74,77,500,500,100,81,100,None,2015-02-28 13:07:03, 29826,500
500,500,100,100,76,76,500,500,100,100,100,None,2015-02-28 13:07:04, 29826,500
500,500,100,80,71,76,500,500,100,85,100,None,2015-02-28 13:07:05, 29826,500
500,88,100,100,74,100,500,500,77,100,100,None,2015-02-28 13:07:06, 29826,500
500,88,87,89,74,100,500,500,100,100,100,None,2015-02-28 13:07:07, 29826,500
500,100,87,100,70,78,500,500,100,100,88,None,2015-02-28 13:07:08, 29826,500
500,100,100,83,68,78,500,500,100,83,100,None,2015-02-28 13:07:09, 29826,500
500,100,100,100,77,77,500,500,87,100,100,None,2015-02-28 13:07:10, 29826,500
500,100,100,100,80,77,500,500,100,83,100,None,2015-02-28 13:07:11, 29826,500
500,100,100,100,81,88,500,500,78,100,100,None,2015-02-28 13:07:12, 29826,500
500,88,100,100,85,88,500,500,100,89,100,None,2015-02-28 13:07:13, 29826,500
500,88,100,100,75,85,500,500,100,100,100,None,2015-02-28 13:07:14, 29826,500
500,100,100,87,75,85,500,500,100,100,100,None,2015-02-28 13:07:15, 29826,500
500,100,100,100,76,83,500,500,85,100,100,None,2015-02-28 13:07:16, 29826,500
500,100,500,84,100,83,500,500,100,100,100,None,2015-02-28 13:07:17, 29826,500
500,100,500,100,87,82,500,500,82,100,500,None,2015-02-28 13:07:18, 29826,500
500,100,500,100,83,82,500,500,100,100,500,None,2015-02-28 13:07:19, 29826,500
500,100,500,100,78,100,500,500,80,100,500,None,2015-02-28 13:07:20, 29826,500
500,100,500,84,75,100,500,500,100,100,500,None,2015-02-28 13:07:21, 29826,500
500,100,500,85,75,100,500,500,79,100,500,None,2015-02-28 13:07:22, 29826,500
500,100,500,100,83,100,500,500,100,500,500,None,2015-02-28 13:07:23, 29826,500
500,500,500,100,84,76,500,500,81,500,500,None,2015-02-28 13:07:24, 29826,500
500,500,500,100,81,76,500,500,100,74,500,None,2015-02-28 13:07:25, 29826,500
500,500,500,100,79,75,500,500,100,100,86,None,2015-02-28 13:07:26, 29826,500
500,500,500,100,78,75,500,500,100,88,100,None,2015-02-28 13:07:27, 29826,500
500,500,500,84,75,83,500,500,82,100,89,None,2015-02-28 13:07:28, 29826,500
500,500,500,83,73,83,500,500,100,84,100,None,2015-02-28 13:07:29, 29826,500
500,500,500,100,78,75,500,500,79,100,100,None,2015-02-28 13:07:30, 29826,500
500,500,500,88,78,75,500,500,100,75,100,None,2015-02-28 13:07:31, 29826,500
500,500,500,88,78,78,500,500,77,100,100,None,2015-02-28 13:07:32, 29826,500
500,500,500,88,76,78,500,500,100,81,100,None,2015-02-28 13:07:33, 29826,500
500,500,500,89,76,75,500,500,78,77,100,None,2015-02-28 13:07:34, 29826,500
500,500,500,89,80,75,500,500,100,76,100,None,2015-02-28 13:07:35, 29826,500
500,500,500,100,82,82,500,500,81,79,100,None,2015-02-28 13:07:36, 29826,500
500,500,500,88,81,82,500,500,100,81,100,None,2015-02-28 13:07:37, 29826,500
500,500,500,100,81,76,500,500,100,76,500,None,2015-02-28 13:07:38, 29826,500
500,500,500,100,78,76,500,500,100,76,500,None,2015-02-28 13:07:39, 29826,500
500,500,500,100,78,73,500,500,82,76,500,None,2015-02-28 13:07:40, 29826,500
500,500,500,100,76,73,500,500,100,76,500,None,2015-02-28 13:07:41, 29826,500
500,500,500,100,74,78,500,500,82,75,500,None,2015-02-28 13:07:42, 29826,500
500,500,500,89,73,78,500,500,100,81,500,None,2015-02-28 13:07:43, 29826,500
500,500,500,100,83,100,500,500,77,82,500,None,2015-02-28 13:07:44, 29826,500
500,500,500,89,85,100,500,500,100,80,500,None,2015-02-28 13:07:45, 29826,500
500,500,500,100,76,78,500,500,81,76,500,None,2015-02-28 13:07:46, 29826,500
500,500,500,100,100,78,500,500,100,77,500,None,2015-02-28 13:07:47, 29826,500
500,500,500,100,69,82,500,500,78,85,500,None,2015-02-28 13:07:48, 29826,500
500,84,500,100,75,82,500,500,100,84,500,None,2015-02-28 13:07:49, 29826,500
500,78,500,100,82,78,500,500,85,100,500,None,2015-02-28 13:07:50, 29826,500
500,80,500,86,71,78,500,500,100,85,500,None,2015-02-28 13:07:51, 29826,500
500,84,500,100,66,78,500,500,100,100,500,None,2015-02-28 13:07:52, 29826,500
500,83,500,83,62,78,500,500,100,79,500,None,2015-02-28 13:07:53, 29826,500
500,84,500,100,66,85,500,500,89,100,84,None,2015-02-28 13:07:54, 29826,500
500,85,500,74,66,85,500,500,100,78,100,None,2015-02-28 13:07:55, 29826,500
500,100,87,100,67,100,500,500,100,100,100,None,2015-02-28 13:07:56, 29826,500
500,85,100,100,76,100,500,500,100,100,100,None,2015-02-28 13:07:57, 29826,500
500,100,100,100,75,100,500,500,100,100,100,None,2015-02-28 13:07:58, 29826,500
500,89,100,100,68,100,500,500,100,79,100,None,2015-02-28 13:07:59, 29826,500
500,89,100,100,70,79,500,500,84,100,89,None,2015-02-28 13:08:00, 29826,500
500,83,100,88,68,79,500,500,100,100,100,None,2015-02-28 13:08:01, 29826,500
500,83,100,100,61,100,500,500,100,100,100,None,2015-02-28 13:08:02, 29826,500
500,85,100,78,71,100,500,500,100,87,100,None,2015-02-28 13:08:03, 29826,500
500,85,88,100,72,100,500,500,83,100,100,None,2015-02-28 13:08:04, 29826,500
500,85,100,81,100,100,500,500,100,100,100,None,2015-02-28 13:08:05, 29826,500
500,84,100,100,64,88,500,87,86,100,87,None,2015-02-28 13:08:06, 29826,500
500,84,100,80,100,88,500,100,100,83,100,None,2015-02-28 13:08:07, 29826,500
500,100,100,100,64,100,89,100,82,100,89,None,2015-02-28 13:08:08, 29826,500
500,100,100,80,82,100,89,100,100,81,100,None,2015-02-28 13:08:09, 29826,500
500,85,100,100,83,100,86,100,100,100,100,None,2015-02-28 13:08:10, 29826,500
500,89,100,86,79,100,82,100,100,83,100,None,2015-02-28 13:08:11, 29826,500
500,100,89,100,77,100,84,83,100,100,79,None,2015-02-28 13:08:12, 29826,500
500,100,89,100,64,100,86,100,100,70,100,None,2015-02-28 13:08:13, 29826,500
500,100,100,100,64,83,81,84,83,100,86,None,2015-02-28 13:08:14, 29826,500
500,100,100,100,68,83,82,100,100,74,100,None,2015-02-28 13:08:15, 29826,500
500,100,100,100,69,86,81,87,89,100,100,None,2015-02-28 13:08:16, 29826,500
500,100,100,80,72,86,79,100,100,100,100,None,2015-02-28 13:08:17, 29826,500
500,100,88,100,74,79,100,100,88,100,88,None,2015-02-28 13:08:18, 29826,500
500,100,100,85,74,79,100,100,100,80,100,None,2015-02-28 13:08:19, 29826,500
500,100,87,100,76,82,100,85,100,100,75,None,2015-02-28 13:08:20, 29826,500
500,500,100,78,79,82,100,100,100,79,100,None,2015-02-28 13:08:21, 29826,500
500,500,88,100,71,86,100,86,100,100,71,None,2015-02-28 13:08:22, 29826,500
500,500,100,100,74,86,89,100,100,77,100,None,2015-02-28 13:08:23, 29826,500
500,500,100,100,80,85,100,87,87,100,84,None,2015-02-28 13:08:24, 29826,500
500,500,89,100,78,85,86,100,100,82,100,None,2015-02-28 13:08:25, 29826,500
500,500,86,100,68,81,100,85,87,100,71,None,2015-02-28 13:08:26, 29826,500
500,500,83,100,76,81,100,100,100,100,100,None,2015-02-28 13:08:27, 29826,500
500,500,83,100,82,84,100,83,100,100,72,None,2015-02-28 13:08:28, 29826,500
500,500,86,84,78,84,100,100,100,79,100,None,2015-02-28 13:08:29, 29826,500
500,500,100,100,87,84,89,84,100,100,76,None,2015-02-28 13:08:30, 29826,500
500,500,100,100,68,84,89,100,100,73,100,None,2015-02-28 13:08:31, 29826,500
500,500,82,100,100,100,100,85,100,100,76,None,2015-02-28 13:08:32, 29826,500
500,500,85,86,80,100,100,100,100,100,100,None,2015-02-28 13:08:33, 29826,500
500,500,84,100,81,89,100,87,100,100,72,None,2015-02-28 13:08:34, 29826,500
500,500,85,100,80,89,100,100,100,100,100,None,2015-02-28 13:08:35, 29826,500
500,500,89,100,80,89,100,100,500,100,67,None,2015-02-28 13:08:36, 29826,500
500,500,100,100,85,89,100,100,500,79,100,None,2015-02-28 13:08:37, 29826,500
500,500,88,100,85,100,100,100,500,100,84,None,2015-02-28 13:08:38, 29826,500
500,500,100,100,100,100,100,100,500,83,100,None,2015-02-28 13:08:40, 29826,500
500,500,81,100,100,94,500,91,500,100,76,None,2015-02-28 13:08:40, 29826,500
500,500,81,92,87,94,86,91,500,84,76,None,2015-02-28 13:08:41, 29826,500
500,500,85,100,88,100,88,100,500,100,67,None,2015-02-28 13:08:42, 29826,500
500,500,78,91,83,100,91,92,500,83,68,None,2015-02-28 13:08:43, 29826,500
500,500,79,100,83,100,91,94,500,82,70,None,2015-02-28 13:08:44, 29826,500
500,500,100,100,82,95,100,100,500,82,74,None,2015-02-28 13:08:45, 29826,500
500,500,80,100,81,93,92,100,500,84,71,None,2015-02-28 13:08:46, 29826,500
500,500,87,100,83,92,100,100,500,82,67,None,2015-02-28 13:08:47, 29826,500
500,500,87,100,92,94,100,91,500,85,70,None,2015-02-28 13:08:48, 29826,500
500,500,84,100,100,96,100,91,500,91,76,None,2015-02-28 13:08:49, 29826,500
500,500,100,100,100,100,100,100,500,100,78,None,2015-02-28 13:08:50, 29826,500
500,500,100,100,100,100,100,100,500,100,81,None,2015-02-28 13:08:51, 29826,500
500,500,88,100,100,100,100,100,500,100,84,None,2015-02-28 13:08:52, 29826,500
500,500,88,100,100,100,100,100,500,100,82,None,2015-02-28 13:08:53, 29826,500
500,500,100,100,100,100,100,100,500,100,83,None,2015-02-28 13:08:54, 29826,500
500,500,89,100,100,100,100,100,500,100,83,None,2015-02-28 13:08:55, 29826,500
500,500,89,100,100,100,500,100,500,100,81,None,2015-02-28 13:08:56, 29826,500
500,500,100,500,100,100,500,100,500,100,84,None,2015-02-28 13:08:57, 29826,500
500,500,100,500,100,500,500,500,500,500,84,None,2015-02-28 13:08:58, 29826,500
500,500,100,500,500,500,500,500,500,500,100,None,2015-02-28 13:08:59, 29826,500
500,500,100,500,500,500,500,500,500,500,80,None,2015-02-28 13:09:00, 29826,500
500,500,100,500,500,500,500,500,500,500,100,None,2015-02-28 13:09:01, 29826,500
500,500,100,500,500,500,500,500,500,500,100,None,2015-02-28 13:09:02, 29826,500
500,500,100,500,500,500,500,500,500,500,100,None,2015-02-28 13:09:03, 29826,500
500,500,100,500,500,500,500,500,500,500,85,None,2015-02-28 13:09:04, 29826,500
500,500,500,500,500,500,500,500,500,500,78,None,2015-02-28 13:09:05, 29826,500
500,500,500,500,500,500,500,500,500,500,78,None,2015-02-28 13:09:06, 29826,500
500,500,86,500,500,500,500,500,500,500,80,None,2015-02-28 13:09:07, 29826,500
500,500,85,500,500,500,500,500,500,500,78,None,2015-02-28 13:09:08, 29826,500
500,500,85,500,500,500,500,500,500,500,75,None,2015-02-28 13:09:09, 29826,500
500,500,100,500,500,500,500,500,500,500,79,None,2015-02-28 13:09:10, 29826,500
500,500,89,500,500,500,500,500,500,500,82,None,2015-02-28 13:09:11, 29826,500
500,500,89,500,500,500,500,500,500,500,86,None,2015-02-28 13:09:12, 29826,500
500,500,100,500,500,500,500,500,500,500,100,None,2015-02-28 13:09:13, 29826,500
500,500,100,500,500,500,500,500,500,500,85,None,2015-02-28 13:09:14, 29826,500
500,500,100,500,500,500,500,500,500,500,100,None,2015-02-28 13:09:15, 29826,500
500,500,100,500,500,500,500,500,500,500,100,None,2015-02-28 13:09:16, 29826,500
500,500,100,500,500,500,500,500,500,500,100,None,2015-02-28 13:09:17, 29826,500
500,500,100,500,500,500,500,500,500,500,100,None,2015-02-28 13:09:18, 29826,500
500,500,100,500,500,500,500,500,500,500,100,None,2015-02-28 13:09:19, 29826,500
500,500,100,500,500,500,500,500,500,500,85,None,2015-02-28 13:09:20, 29826,500
500,500,500,500,500,500,500,500,500,500,100,None,2015-02-28 13:09:21, 29826,500
500,500,500,500,500,500,500,500,500,500,87,None,2015-02-28 13:09:22, 29826,500
500,500,500,500,500,500,500,500,500,500,100,None,2015-02-28 13:09:23, 29826,500
500,500,500,500,500,500,500,500,500,500,81,None,2015-02-28 13:09:24, 29826,500
500,500,500,500,89,500,500,500,500,500,100,None,2015-02-28 13:09:25, 29826,500
500,500,500,500,89,500,500,500,500,500,83,None,2015-02-28 13:09:26, 29826,500
500,500,500,500,89,500,500,500,500,500,100,None,2015-02-28 13:09:27, 29826,500
500,500,85,500,100,500,500,500,500,500,76,None,2015-02-28 13:09:28, 29826,500
500,500,85,500,83,500,500,500,500,500,100,None,2015-02-28 13:09:29, 29826,500
500,500,84,500,88,500,500,500,500,500,80,None,2015-02-28 13:09:30, 29826,500
500,500,85,500,100,500,500,500,500,89,100,None,2015-02-28 13:09:31, 29826,500
500,500,87,500,100,500,500,500,500,100,100,None,2015-02-28 13:09:32, 29826,500
500,500,87,500,100,500,500,500,500,100,100,None,2015-02-28 13:09:33, 29826,500
500,500,100,500,89,500,500,500,500,100,69,None,2015-02-28 13:09:34, 29826,500
500,500,100,500,100,500,500,500,500,100,100,None,2015-02-28 13:09:35, 29826,500
500,500,84,500,84,500,500,500,500,100,76,None,2015-02-28 13:09:36, 29826,500
500,500,86,500,85,500,500,500,500,100,100,None,2015-02-28 13:09:37, 29826,500
500,500,89,500,87,500,500,500,500,100,84,None,2015-02-28 13:09:38, 29826,500
500,500,79,500,88,500,500,500,500,82,100,None,2015-02-28 13:09:39, 29826,500
500,500,79,500,88,500,500,89,500,100,73,None,2015-02-28 13:09:40, 29826,500
500,500,80,500,80,500,500,100,500,100,100,None,2015-02-28 13:09:41, 29826,500
500,500,77,500,77,500,500,100,500,100,67,None,2015-02-28 13:09:42, 29826,500
500,500,79,500,81,500,500,100,500,88,100,None,2015-02-28 13:09:43, 29826,500
500,500,100,500,80,84,500,100,500,100,69,None,2015-02-28 13:09:44, 29826,500
500,500,100,500,81,84,86,100,500,83,100,None,2015-02-28 13:09:45, 29826,500
500,500,78,500,83,100,88,100,500,100,61,None,2015-02-28 13:09:46, 29826,500
500,500,100,500,83,100,100,100,500,100,100,None,2015-02-28 13:09:47, 29826,500
500,500,84,500,83,89,83,100,500,100,75,None,2015-02-28 13:09:48, 29826,500
500,500,83,500,83,89,100,100,500,100,100,None,2015-02-28 13:09:49, 29826,500
500,500,80,500,79,100,100,500,500,100,61,None,2015-02-28 13:09:50, 29826,500
500,500,76,500,75,100,100,500,500,78,100,None,2015-02-28 13:09:51, 29826,500
500,500,77,500,84,100,100,89,500,100,71,None,2015-02-28 13:09:52, 29826,500
500,500,100,500,86,100,100,100,500,100,100,None,2015-02-28 13:09:53, 29826,500
500,500,100,500,100,100,100,100,500,100,67,None,2015-02-28 13:09:54, 29826,500
500,500,78,500,85,100,100,100,500,100,100,None,2015-02-28 13:09:55, 29826,500
500,500,78,500,100,100,100,100,500,100,67,None,2015-02-28 13:09:56, 29826,500
500,500,83,500,100,100,100,100,500,100,100,None,2015-02-28 13:09:57, 29826,500
500,500,83,500,100,500,500,100,500,100,79,None,2015-02-28 13:09:58, 29826,500
500,500,79,500,89,500,500,100,500,100,100,None,2015-02-28 13:09:59, 29826,500
500,500,74,500,86,500,500,100,500,100,64,None,2015-02-28 13:10:00, 29826,500
500,500,76,500,84,500,500,100,500,500,100,None,2015-02-28 13:10:01, 29826,500
500,500,74,500,86,500,500,500,500,500,71,None,2015-02-28 13:10:02, 29826,500
500,500,72,500,87,500,500,500,500,500,100,None,2015-02-28 13:10:03, 29826,500
500,500,69,500,100,500,500,500,500,500,76,None,2015-02-28 13:10:04, 29826,500
500,500,70,500,100,500,500,500,500,89,100,None,2015-02-28 13:10:05, 29826,500
500,500,80,500,100,500,500,500,500,100,73,None,2015-02-28 13:10:06, 29826,500
500,500,61,500,100,500,500,500,500,100,100,None,2015-02-28 13:10:07, 29826,500
500,500,76,500,87,500,500,500,500,100,72,None,2015-02-28 13:10:08, 29826,500
500,500,76,500,88,500,500,500,500,100,100,None,2015-02-28 13:10:09, 29826,500
500,500,77,500,86,500,500,500,500,100,77,None,2015-02-28 13:10:10, 29826,500
500,500,100,500,83,500,500,500,500,100,100,None,2015-02-28 13:10:11, 29826,500
500,500,76,500,82,500,500,500,500,100,80,None,2015-02-28 13:10:12, 29826,500
500,500,72,500,100,500,500,500,500,100,100,None,2015-02-28 13:10:13, 29826,500
500,500,77,500,100,500,500,500,500,100,82,None,2015-02-28 13:10:14, 29826,500
500,500,81,500,100,500,500,500,500,500,100,None,2015-02-28 13:10:15, 29826,500
500,500,79,500,89,500,500,500,500,500,100,None,2015-02-28 13:10:16, 29826,500
500,500,78,500,87,500,500,500,500,500,100,None,2015-02-28 13:10:17, 29826,500
500,500,75,500,100,500,500,500,500,500,80,None,2015-02-28 13:10:18, 29826,500
500,500,73,500,87,500,500,500,500,500,100,None,2015-02-28 13:10:19, 29826,500
500,500,72,500,87,500,500,500,500,500,79,None,2015-02-28 13:10:20, 29826,500
500,500,78,500,100,500,500,500,500,500,100,None,2015-02-28 13:10:21, 29826,500
500,500,77,500,100,500,500,500,500,500,77,None,2015-02-28 13:10:22, 29826,500
500,500,74,500,89,500,500,500,500,500,100,None,2015-02-28 13:10:23, 29826,500
500,500,78,500,89,500,500,500,500,500,68,None,2015-02-28 13:10:24, 29826,500
500,500,83,500,100,500,500,500,500,500,100,None,2015-02-28 13:10:25, 29826,500
500,500,80,500,100,500,500,500,500,500,83,None,2015-02-28 13:10:26, 29826,500
500,500,71,500,81,500,500,500,500,500,100,None,2015-02-28 13:10:27, 29826,500
500,500,74,500,82,500,500,500,500,500,86,None,2015-02-28 13:10:28, 29826,500
500,89,78,500,84,500,500,500,500,500,100,None,2015-02-28 13:10:29, 29826,500
500,89,75,500,100,500,500,500,500,500,88,None,2015-02-28 13:10:30, 29826,500
500,100,79,500,100,500,88,500,500,500,100,None,2015-02-28 13:10:31, 29826,500
500,100,100,500,100,500,100,500,500,500,100,None,2015-02-28 13:10:32, 29826,500
500,87,82,500,83,500,100,500,500,500,100,None,2015-02-28 13:10:33, 29826,500
500,87,76,500,80,500,100,500,500,500,82,None,2015-02-28 13:10:34, 29826,500
500,100,71,500,76,500,100,500,500,500,100,None,2015-02-28 13:10:35, 29826,500
500,100,74,500,84,500,100,500,500,500,100,None,2015-02-28 13:10:36, 29826,500
500,100,76,500,85,500,100,500,500,500,100,None,2015-02-28 13:10:37, 29826,500
500,100,76,500,84,500,100,500,500,500,100,None,2015-02-28 13:10:38, 29826,500
500,100,77,89,83,500,100,500,500,500,100,None,2015-02-28 13:10:39, 29826,500
500,85,75,100,84,500,100,500,500,500,86,None,2015-02-28 13:10:40, 29826,500
500,87,71,100,83,500,500,500,500,500,100,None,2015-02-28 13:10:41, 29826,500
500,100,69,100,77,500,88,500,89,500,79,None,2015-02-28 13:10:42, 29826,500
500,100,69,91,76,500,88,500,100,500,100,None,2015-02-28 13:10:43, 29826,500
500,82,70,100,76,500,93,500,87,500,90,None,2015-02-28 13:10:44, 29826,500
500,82,86,100,74,500,95,500,100,500,100,None,2015-02-28 13:10:45, 29826,500
500,88,87,100,74,93,90,500,90,500,100,None,2015-02-28 13:10:46, 29826,500
500,80,85,90,71,93,91,500,100,500,100,None,2015-02-28 13:10:47, 29826,500
500,80,84,100,69,90,92,95,80,500,87,None,2015-02-28 13:10:48, 29826,500
500,84,81,100,68,92,91,100,100,86,89,None,2015-02-28 13:10:49, 29826,500
500,87,80,88,68,91,100,93,100,100,90,None,2015-02-28 13:10:50, 29826,500
500,87,80,89,77,90,81,100,100,100,89,None,2015-02-28 13:10:51, 29826,500
500,87,80,100,77,88,90,94,86,100,93,None,2015-02-28 13:10:52, 29826,500
500,88,100,100,77,97,76,100,100,92,92,None,2015-02-28 13:10:53, 29826,500
500,90,91,100,82,97,100,100,87,92,91,None,2015-02-28 13:10:54, 29826,500
500,90,96,100,82,100,77,100,100,95,92,None,2015-02-28 13:10:55, 29826,500
500,91,95,100,91,100,92,95,100,92,92,None,2015-02-28 13:10:56, 29826,500
500,91,94,100,78,100,86,100,100,91,100,None,2015-02-28 13:10:57, 29826,500
500,100,100,100,81,100,86,100,100,91,100,None,2015-02-28 13:10:58, 29826,500
500,100,100,100,87,100,84,100,100,100,100,None,2015-02-28 13:10:59, 29826,500
500,100,100,100,81,100,85,100,100,100,100,None,2015-02-28 13:11:00, 29826,500
500,100,100,100,100,100,86,100,100,100,100,None,2015-02-28 13:11:01, 29826,500
500,100,100,100,86,100,89,100,100,100,100,None,2015-02-28 13:11:02, 29826,500
500,100,100,100,100,500,77,100,100,88,100,None,2015-02-28 13:11:03, 29826,500
500,100,100,500,89,500,75,82,500,83,100,None,2015-02-28 13:11:04, 29826,500
500,100,100,500,89,500,81,100,500,81,100,None,2015-02-28 13:11:05, 29826,500
500,500,500,500,89,500,78,79,500,79,100,None,2015-02-28 13:11:06, 29826,500
88,500,500,500,87,500,68,100,500,80,500,None,2015-02-28 13:11:07, 29826,500
87,500,500,500,87,500,73,82,500,81,500,None,2015-02-28 13:11:08, 29826,500
86,500,500,500,87,500,66,100,500,78,87,None,2015-02-28 13:11:09, 29826,500
86,500,500,500,86,500,71,82,500,100,87,None,2015-02-28 13:11:10, 29826,500
85,500,500,500,86,500,81,100,500,88,100,None,2015-02-28 13:11:11, 29826,500
85,500,500,500,89,500,78,79,500,100,100,None,2015-02-28 13:11:12, 29826,500
100,500,500,500,86,500,73,100,500,84,100,None,2015-02-28 13:11:13, 29826,500
87,500,500,500,84,500,77,87,500,100,89,None,2015-02-28 13:11:14, 29826,500
84,500,500,500,100,500,81,100,500,100,100,None,2015-02-28 13:11:15, 29826,500
100,500,500,500,84,500,72,100,500,100,100,None,2015-02-28 13:11:16, 29826,500
89,500,500,500,100,500,70,100,500,83,100,None,2015-02-28 13:11:17, 29826,500
100,500,500,500,89,500,71,100,500,100,100,None,2015-02-28 13:11:18, 29826,500
100,500,500,89,78,500,74,100,500,82,100,None,2015-02-28 13:11:19, 29826,500
100,500,500,100,79,500,100,76,500,100,100,None,2015-02-28 13:11:20, 29826,500
100,500,500,100,83,500,85,100,500,75,100,None,2015-02-28 13:11:21, 29826,500
82,500,500,100,78,500,81,100,500,100,86,None,2015-02-28 13:11:22, 29826,500
82,500,500,100,81,500,76,100,500,77,100,None,2015-02-28 13:11:23, 29826,500
82,500,500,100,83,500,75,85,500,100,87,None,2015-02-28 13:11:24, 29826,500
79,500,500,85,87,500,75,100,500,80,100,None,2015-02-28 13:11:25, 29826,500
77,500,500,100,88,500,77,80,500,100,83,None,2015-02-28 13:11:26, 29826,500
81,500,500,100,86,500,79,100,500,71,100,None,2015-02-28 13:11:27, 29826,500
83,500,500,100,83,500,79,78,500,100,86,None,2015-02-28 13:11:28, 29826,500
85,500,500,100,85,500,80,100,500,75,100,None,2015-02-28 13:11:29, 29826,500
86,500,500,100,88,500,80,73,500,100,84,None,2015-02-28 13:11:30, 29826,500
84,500,500,100,88,500,78,100,500,77,100,None,2015-02-28 13:11:31, 29826,500
84,500,500,100,100,500,100,84,500,100,89,None,2015-02-28 13:11:32, 29826,500
87,500,500,86,83,500,76,100,500,79,100,None,2015-02-28 13:11:33, 29826,500
87,500,500,100,83,500,79,81,500,100,86,None,2015-02-28 13:11:34, 29826,500
86,500,500,100,100,500,78,100,500,86,100,None,2015-02-28 13:11:35, 29826,500
83,500,500,100,85,500,82,75,500,100,88,None,2015-02-28 13:11:36, 29826,500
84,500,500,100,85,500,83,100,500,84,100,None,2015-02-28 13:11:37, 29826,500
79,500,500,100,86,500,86,73,500,100,100,None,2015-02-28 13:11:38, 29826,500
100,500,500,100,100,500,84,100,500,100,100,None,2015-02-28 13:11:39, 29826,500
87,500,500,100,100,500,77,100,500,100,83,None,2015-02-28 13:11:40, 29826,500
83,500,500,100,75,500,76,100,500,80,100,None,2015-02-28 13:11:41, 29826,500
87,500,500,100,100,87,79,82,500,100,100,None,2015-02-28 13:11:42, 29826,500
86,500,500,500,78,87,82,100,500,83,100,None,2015-02-28 13:11:43, 29826,500
86,500,500,500,86,100,84,100,500,100,100,None,2015-02-28 13:11:44, 29826,500
86,500,500,87,87,100,84,100,500,72,100,None,2015-02-28 13:11:45, 29826,500
100,500,500,100,87,100,86,100,500,100,100,None,2015-02-28 13:11:46, 29826,500
100,500,500,85,100,100,84,100,500,71,100,None,2015-02-28 13:11:47, 29826,500
100,500,500,100,100,100,82,85,500,100,100,None,2015-02-28 13:11:48, 29826,500
100,500,500,87,86,100,82,100,500,75,100,None,2015-02-28 13:11:49, 29826,500
88,500,500,100,85,100,80,100,500,100,87,None,2015-02-28 13:11:50, 29826,500
87,500,500,100,86,100,80,100,500,77,100,None,2015-02-28 13:11:51, 29826,500
86,500,500,100,89,500,79,85,500,100,100,None,2015-02-28 13:11:52, 29826,500
100,500,500,100,86,500,85,100,500,75,100,None,2015-02-28 13:11:53, 29826,500
100,500,500,100,85,500,100,85,500,100,89,None,2015-02-28 13:11:54, 29826,500
86,500,500,100,84,500,100,100,500,80,100,None,2015-02-28 13:11:55, 29826,500
100,500,500,100,87,500,84,78,500,100,100,None,2015-02-28 13:11:56, 29826,500
100,500,500,100,84,500,70,100,500,67,100,None,2015-02-28 13:11:57, 29826,500
100,500,500,100,82,500,82,100,500,100,100,None,2015-02-28 13:11:58, 29826,500
86,500,500,500,86,500,81,100,500,78,100,None,2015-02-28 13:11:59, 29826,500
86,500,500,500,87,500,82,84,500,100,100,None,2015-02-28 13:12:00, 29826,500
100,500,500,500,87,500,82,100,500,81,100,None,2015-02-28 13:12:01, 29826,500
89,500,500,500,88,500,85,83,500,100,100,None,2015-02-28 13:12:02, 29826,500
100,500,500,500,82,500,86,100,500,78,100,None,2015-02-28 13:12:03, 29826,500
100,500,500,500,85,500,86,100,500,100,84,None,2015-02-28 13:12:04, 29826,500
80,500,500,84,100,500,81,100,500,81,100,None,2015-02-28 13:12:05, 29826,500
80,500,500,100,81,500,81,86,500,100,87,None,2015-02-28 13:12:06, 29826,500
100,500,500,100,83,500,80,100,500,74,100,None,2015-02-28 13:12:07, 29826,500
100,500,500,100,86,500,81,76,500,100,87,None,2015-02-28 13:12:08, 29826,500
86,500,500,100,100,500,82,100,500,82,100,None,2015-02-28 13:12:09, 29826,500
90,500,500,100,84,100,82,79,500,100,100,None,2015-02-28 13:12:10, 29826,500
92,500,500,90,84,100,81,100,500,80,100,None,2015-02-28 13:12:11, 29826,500
87,500,500,100,86,100,81,87,500,100,100,None,2015-02-28 13:12:12, 29826,500
88,500,500,100,87,100,84,100,500,80,100,None,2015-02-28 13:12:13, 29826,500
89,500,500,100,90,100,100,79,500,100,93,None,2015-02-28 13:12:14, 29826,500
100,500,500,100,91,100,100,78,500,81,100,None,2015-02-28 13:12:15, 29826,500
90,500,500,100,86,100,87,80,500,80,94,None,2015-02-28 13:12:16, 29826,500
86,500,500,91,82,100,100,79,500,81,100,None,2015-02-28 13:12:17, 29826,500
