,location,timestamp,11057,12647,12724,13846,19896,28873,31853,34946,38215,38591,40399,47682,visitor_history_id
0,none,2015-02-17 11:18:39,500,500,500,500,500,100,500,86,100,500,85,100,80198
1,none,2015-02-17 11:18:40,500,500,500,500,500,100,500,87,100,500,84,100,80198
2,none,2015-02-17 11:18:41,500,500,500,500,500,100,500,89,100,500,85,100,80198
3,none,2015-02-17 11:18:42,500,500,500,500,500,500,500,100,100,500,84,100,80198
4,none,2015-02-17 11:18:43,500,500,500,500,500,500,500,86,100,500,84,100,80198
5,none,2015-02-17 11:18:44,500,500,500,500,500,500,500,87,100,500,84,100,80198
6,none,2015-02-17 11:18:45,500,500,500,500,500,500,500,89,100,500,84,100,80198
7,none,2015-02-17 11:18:46,500,500,500,500,500,500,500,100,87,500,83,100,80198
8,none,2015-02-17 11:18:47,500,500,500,500,500,500,500,100,84,500,83,500,80198
9,1_entrance,2015-02-17 11:18:48,500,500,500,500,500,500,500,100,82,500,83,500,80198
10,1_entrance,2015-02-17 11:18:49,500,500,500,500,500,500,500,100,79,500,100,500,80198
11,1_entrance,2015-02-17 11:18:50,500,500,500,500,500,500,500,100,79,500,100,500,80198
12,1_entrance,2015-02-17 11:18:51,500,500,500,500,500,500,500,100,78,500,88,500,80198
13,1_entrance,2015-02-17 11:18:52,500,500,500,500,500,500,500,100,78,500,89,500,80198
14,1_entrance,2015-02-17 11:18:53,500,500,500,500,500,500,500,100,79,500,89,500,80198
15,1_entrance,2015-02-17 11:18:54,500,500,500,500,500,500,500,500,82,500,87,500,80198
16,1_entrance,2015-02-17 11:18:54,500,500,500,500,500,500,500,500,82,500,87,500,80198
17,1_entrance,2015-02-17 11:18:56,87,500,500,500,500,79,500,500,81,500,73,86,80198
18,1_entrance,2015-02-17 11:18:57,100,500,500,500,500,100,94,88,85,500,81,88,80198
19,1_entrance,2015-02-17 11:18:57,100,500,500,500,500,100,94,88,85,500,81,88,80198
20,1_entrance,2015-02-17 11:18:59,100,500,500,500,500,90,100,80,84,500,77,85,80198
21,1_entrance,2015-02-17 11:18:59,100,500,500,500,500,90,100,80,84,500,77,85,80198
22,1_entrance,2015-02-17 11:19:01,100,500,500,500,500,100,100,100,76,500,84,100,80198
23,1_entrance,2015-02-17 11:19:02,100,500,500,500,500,100,100,100,83,500,85,100,80198
24,1_entrance,2015-02-17 11:19:03,100,500,500,500,500,100,100,100,85,500,86,100,80198
25,1_entrance,2015-02-17 11:19:04,100,500,500,500,500,100,100,100,84,500,88,100,80198
26,1_entrance,2015-02-17 11:19:05,100,500,500,500,500,100,100,100,77,500,100,100,80198
27,none,2015-02-17 11:19:06,500,500,500,500,500,100,100,100,78,500,89,100,80198
28,none,2015-02-17 11:19:07,500,500,500,500,500,100,100,100,86,500,86,100,80198
29,none,2015-02-17 11:19:08,500,500,500,500,500,100,500,100,87,500,87,100,80198
30,none,2015-02-17 11:19:09,500,500,500,500,500,500,500,500,80,500,85,500,80198
31,none,2015-02-17 11:19:10,500,500,500,500,500,500,500,500,79,500,85,500,80198
32,none,2015-02-17 11:19:11,500,500,500,500,500,500,500,500,80,500,86,500,80198
33,none,2015-02-17 11:19:12,500,500,500,500,500,500,500,500,79,500,87,500,80198
34,none,2015-02-17 11:19:13,500,500,500,500,500,500,500,500,76,500,85,500,80198
35,none,2015-02-17 11:19:14,500,500,500,500,500,500,500,500,77,500,83,500,80198
36,none,2015-02-17 11:19:15,88,500,500,500,500,500,500,500,75,500,84,500,80198
37,none,2015-02-17 11:19:16,100,500,500,500,500,86,500,85,76,500,86,89,80198
38,none,2015-02-17 11:19:17,100,500,500,500,500,100,500,85,78,500,81,100,80198
39,none,2015-02-17 11:19:18,100,500,500,500,500,100,500,86,76,500,81,100,80198
40,none,2015-02-17 11:19:19,100,500,500,500,500,100,500,100,83,500,84,88,80198
41,1_lobby_aud,2015-02-17 11:19:20,87,500,500,500,500,100,500,100,83,500,83,88,80198
42,1_lobby_aud,2015-02-17 11:19:21,100,500,500,500,500,87,500,87,86,500,85,86,80198
43,1_lobby_aud,2015-02-17 11:19:22,86,500,500,500,500,87,500,100,86,500,86,100,80198
44,1_lobby_aud,2015-02-17 11:19:23,86,500,500,500,500,100,500,100,86,500,84,89,80198
45,1_lobby_aud,2015-02-17 11:19:24,88,500,500,500,500,100,500,78,87,500,84,100,80198
46,1_lobby_aud,2015-02-17 11:19:25,88,500,500,500,500,100,500,81,81,500,84,100,80198
47,1_lobby_aud,2015-02-17 11:19:26,100,500,500,500,500,100,500,80,83,500,85,100,80198
48,1_lobby_aud,2015-02-17 11:19:27,100,500,500,500,500,100,500,75,84,500,89,100,80198
49,1_lobby_aud,2015-02-17 11:19:28,100,500,500,500,500,100,500,69,100,500,100,100,80198
50,1_lobby_aud,2015-02-17 11:19:29,100,500,500,500,500,100,500,67,100,500,100,100,80198
51,1_lobby_aud,2015-02-17 11:19:30,100,500,500,500,500,100,500,66,100,500,100,100,80198
52,1_lobby_aud,2015-02-17 11:19:30,100,500,500,500,500,100,500,66,100,500,100,100,80198
53,1_lobby_aud,2015-02-17 11:19:32,100,500,500,500,500,500,500,84,88,500,88,100,80198
54,1_lobby_aud,2015-02-17 11:19:32,100,500,500,500,500,500,500,84,88,500,88,100,80198
55,1_lobby_aud,2015-02-17 11:19:33,100,500,500,500,500,500,500,84,100,500,100,500,80198
56,1_lobby_aud,2015-02-17 11:19:34,500,500,500,500,500,500,500,82,100,500,100,500,80198
57,1_lobby_aud,2015-02-17 11:19:35,500,500,500,500,500,500,500,80,100,500,100,500,80198
58,1_lobby_aud,2015-02-17 11:19:36,500,500,500,500,500,500,500,80,100,500,100,500,80198
59,1_lobby_aud,2015-02-17 11:19:38,500,500,500,500,500,500,500,84,100,500,100,500,80198
60,1_lobby_aud,2015-02-17 11:19:39,500,500,500,500,500,500,500,84,100,500,100,500,80198
61,1_lobby_aud,2015-02-17 11:19:39,500,500,500,500,500,500,500,84,100,500,100,500,80198
62,1_lobby_aud,2015-02-17 11:19:40,500,500,500,500,500,500,500,81,100,500,100,500,80198
63,1_lobby_aud,2015-02-17 11:19:41,500,500,500,500,500,500,500,100,100,500,100,500,80198
64,1_lobby_aud,2015-02-17 11:19:42,500,500,500,500,500,500,500,88,500,500,500,500,80198
65,1_lobby_aud,2015-02-17 11:19:43,500,500,500,500,500,500,500,100,500,500,500,500,80198
66,1_lobby_aud,2015-02-17 11:19:44,500,500,500,500,500,500,500,100,500,500,500,500,80198
67,1_lobby_aud,2015-02-17 11:19:45,500,500,500,500,500,500,500,82,500,500,500,500,80198
68,1_lobby_aud,2015-02-17 11:19:46,500,500,500,500,500,500,500,100,500,500,500,500,80198
69,1_lobby_aud,2015-02-17 11:19:47,500,500,500,500,500,500,500,87,500,500,500,500,80198
70,1_lobby_aud,2015-02-17 11:19:48,500,500,500,500,500,500,500,87,500,500,500,500,80198
71,1_lobby_aud,2015-02-17 11:19:49,500,500,500,500,500,500,500,86,500,500,500,500,80198
72,1_lobby_aud,2015-02-17 11:19:50,500,500,500,500,500,500,500,86,500,500,500,500,80198
73,1_lobby_aud,2015-02-17 11:19:51,500,500,500,500,500,500,500,100,500,500,500,500,80198
74,1_lobby_aud,2015-02-17 11:19:52,500,500,500,500,500,500,500,100,500,500,500,500,80198
75,1_lobby_aud,2015-02-17 11:19:53,500,500,500,500,500,500,500,100,500,500,500,500,80198
76,1_lobby_aud,2015-02-17 11:19:54,500,500,500,500,500,500,500,87,500,500,500,500,80198
77,1_lobby_aud,2015-02-17 11:19:55,500,500,500,500,500,500,500,86,500,500,500,500,80198
78,1_lobby_aud,2015-02-17 11:19:56,500,500,500,500,500,500,500,87,500,500,500,500,80198
79,1_lobby_aud,2015-02-17 11:19:57,500,500,500,500,500,500,500,89,500,500,500,500,80198
80,1_lobby_aud,2015-02-17 11:19:58,500,500,500,500,500,500,500,100,500,500,500,500,80198
81,1_lobby_aud,2015-02-17 11:19:59,500,500,500,500,500,500,500,100,500,500,500,500,80198
82,1_lobby_aud,2015-02-17 11:20:00,500,500,500,500,500,500,500,100,500,500,500,500,80198
83,1_lobby_aud,2015-02-17 11:20:01,500,500,500,500,500,500,500,100,500,500,500,500,80198
84,1_lobby_aud,2015-02-17 11:20:02,500,500,500,500,500,500,500,100,500,500,500,500,80198
85,1_lobby_aud,2015-02-17 11:20:03,500,500,500,500,500,500,500,100,500,500,500,500,80198
86,1_lobby_aud,2015-02-17 11:20:04,500,500,500,500,500,500,500,85,500,500,500,500,80198
87,1_lobby_aud,2015-02-17 11:20:05,500,500,500,500,500,500,500,100,500,500,500,500,80198
88,1_lobby_aud,2015-02-17 11:20:06,500,500,500,500,500,500,500,87,500,500,500,500,80198
89,1_lobby_aud,2015-02-17 11:20:07,500,500,500,500,500,500,500,88,500,500,500,500,80198
90,1_lobby_aud,2015-02-17 11:20:08,500,500,500,500,500,500,500,86,500,500,500,500,80198
91,1_lobby_aud,2015-02-17 11:20:09,500,500,500,500,500,500,500,84,500,500,500,500,80198
92,1_lobby_aud,2015-02-17 11:20:10,500,500,500,500,500,500,500,85,500,500,500,500,80198
93,1_lobby_aud,2015-02-17 11:20:11,500,500,500,500,500,500,500,86,500,500,500,500,80198
94,1_lobby_aud,2015-02-17 11:20:12,500,500,500,500,500,500,500,100,500,500,500,500,80198
95,1_lobby_aud,2015-02-17 11:20:13,500,500,500,500,500,500,500,100,500,500,500,500,80198
96,1_lobby_aud,2015-02-17 11:20:14,500,500,500,500,500,500,500,100,500,500,500,500,80198
97,1_lobby_aud,2015-02-17 11:20:15,500,500,500,500,500,500,500,100,500,500,500,500,80198
98,1_lobby_aud,2015-02-17 11:20:16,500,500,500,500,500,500,500,100,500,500,500,500,80198
99,1_lobby_aud,2015-02-17 11:20:17,500,500,500,500,500,500,500,89,500,500,500,500,80198
100,1_lobby_aud,2015-02-17 11:20:18,500,500,500,500,500,500,500,86,500,500,500,500,80198
101,1_lobby_aud,2015-02-17 11:20:19,500,500,500,500,500,500,500,85,500,500,500,500,80198
102,1_lobby_aud,2015-02-17 11:20:20,500,500,500,500,500,500,500,87,500,500,500,500,80198
103,1_lobby_aud,2015-02-17 11:20:21,500,500,500,500,500,500,500,89,500,500,500,500,80198
104,1_lobby_aud,2015-02-17 11:20:22,500,500,500,500,500,500,500,100,500,500,500,500,80198
105,1_lobby_aud,2015-02-17 11:20:23,500,500,500,500,500,500,500,78,500,500,500,500,80198
106,1_lobby_aud,2015-02-17 11:20:24,500,500,500,500,500,500,500,80,500,500,500,500,80198
107,1_lobby_aud,2015-02-17 11:20:25,500,500,500,500,500,500,500,73,500,500,500,500,80198
108,1_lobby_aud,2015-02-17 11:20:26,500,500,500,500,500,500,500,84,500,500,500,500,80198
109,1_lobby_aud,2015-02-17 11:20:27,500,500,500,500,500,500,500,100,500,500,500,500,80198
110,1_lobby_aud,2015-02-17 11:20:29,500,500,500,500,500,500,500,82,500,500,500,500,80198
111,1_lobby_aud,2015-02-17 11:20:29,500,500,500,500,500,500,500,82,500,500,500,500,80198
112,1_lobby_aud,2015-02-17 11:20:31,84,500,500,500,500,500,500,80,500,500,500,500,80198
113,1_lobby_aud,2015-02-17 11:20:32,84,500,500,500,500,500,500,89,500,500,500,500,80198
114,1_lobby_aud,2015-02-17 11:20:32,84,500,500,500,500,500,500,89,500,500,500,500,80198
115,1_lobby_aud,2015-02-17 11:20:34,100,500,500,500,500,500,500,79,500,500,500,500,80198
116,1_lobby_aud,2015-02-17 11:20:35,100,500,500,500,500,500,500,79,500,500,500,500,80198
117,1_lobby_aud,2015-02-17 11:20:36,100,500,500,500,500,500,500,86,500,500,500,500,80198
118,1_lobby_aud,2015-02-17 11:20:37,100,500,500,500,500,500,500,81,500,500,500,500,80198
119,1_lobby_aud,2015-02-17 11:20:38,100,500,500,500,500,500,500,73,500,500,500,500,80198
120,1_lobby_aud,2015-02-17 11:20:39,100,500,500,500,500,500,500,68,500,500,500,500,80198
121,1_lobby_aud,2015-02-17 11:20:40,100,500,500,500,500,500,500,72,86,500,500,500,80198
122,1_lobby_aud,2015-02-17 11:20:41,500,500,500,500,500,500,500,80,86,500,500,500,80198
123,1_lobby_aud,2015-02-17 11:20:41,500,500,500,500,500,500,500,80,86,500,500,500,80198
124,1_lobby_aud,2015-02-17 11:20:43,500,500,500,500,500,500,500,76,89,500,500,500,80198
125,1_lobby_aud,2015-02-17 11:20:44,500,500,500,500,500,500,500,70,100,500,500,500,80198
126,1_lobby_aud,2015-02-17 11:20:45,500,500,500,500,500,500,500,68,100,500,500,500,80198
127,none,2015-02-17 11:20:46,500,500,500,500,500,500,500,71,100,500,500,500,80198
128,none,2015-02-17 11:20:47,500,500,500,500,500,500,500,71,100,500,500,500,80198
129,none,2015-02-17 11:20:47,500,500,500,500,500,500,500,71,100,500,500,500,80198
130,none,2015-02-17 11:20:49,500,500,500,500,500,500,500,72,100,500,500,500,80198
131,none,2015-02-17 11:20:50,500,500,500,500,500,500,500,76,100,500,89,500,80198
132,none,2015-02-17 11:20:51,500,500,500,500,500,500,500,73,100,500,89,500,80198
133,none,2015-02-17 11:20:52,500,500,500,500,500,500,500,68,500,500,100,500,80198
134,none,2015-02-17 11:20:53,500,500,500,500,500,500,500,73,500,500,100,500,80198
135,none,2015-02-17 11:20:54,500,500,500,500,500,500,500,73,500,500,100,500,80198
136,none,2015-02-17 11:20:55,500,500,500,500,500,500,500,69,500,500,89,500,80198
137,none,2015-02-17 11:20:56,500,500,500,500,500,500,500,69,500,500,88,500,80198
138,none,2015-02-17 11:20:57,500,500,500,500,500,500,500,69,500,500,88,500,80198
139,none,2015-02-17 11:20:58,500,500,500,500,500,500,500,73,500,500,87,500,80198
140,none,2015-02-17 11:20:59,500,500,500,500,500,500,500,77,500,500,86,500,80198
141,none,2015-02-17 11:21:00,500,500,500,500,500,500,500,78,500,500,86,500,80198
142,2_1_stairs,2015-02-17 11:21:01,500,500,500,500,500,500,500,84,500,500,86,500,80198
143,2_1_stairs,2015-02-17 11:21:02,500,500,500,500,500,89,500,78,500,500,100,500,80198
144,2_1_stairs,2015-02-17 11:21:03,500,500,500,500,500,83,500,76,500,500,87,500,80198
145,2_1_stairs,2015-02-17 11:21:04,500,500,500,500,500,87,500,82,500,500,89,500,80198
146,2_1_stairs,2015-02-17 11:21:05,500,500,500,500,500,85,500,100,86,500,88,500,80198
147,2_1_stairs,2015-02-17 11:21:06,500,500,500,500,500,88,500,100,86,500,88,87,80198
148,2_1_stairs,2015-02-17 11:21:06,500,500,500,500,500,88,500,100,86,500,88,87,80198
149,2_1_stairs,2015-02-17 11:21:08,500,500,500,500,500,85,500,100,86,500,87,100,80198
150,2_1_stairs,2015-02-17 11:21:09,500,500,500,500,500,85,500,84,86,500,86,88,80198
151,2_1_stairs,2015-02-17 11:21:10,500,500,500,500,500,82,500,81,89,500,84,85,80198
152,2_1_stairs,2015-02-17 11:21:11,500,500,500,500,500,80,500,81,86,500,84,81,80198
153,2_1_stairs,2015-02-17 11:21:12,500,500,500,88,500,80,500,77,85,500,86,86,80198
154,2_1_stairs,2015-02-17 11:21:13,500,500,500,88,500,79,500,85,85,500,84,86,80198
155,2_1_stairs,2015-02-17 11:21:14,500,500,500,100,500,82,500,85,85,500,86,85,80198
156,2_1_stairs,2015-02-17 11:21:15,500,500,500,100,500,84,500,81,86,500,83,82,80198
157,2_1_stairs,2015-02-17 11:21:16,500,500,500,100,500,100,500,83,86,500,78,84,80198
158,2_1_stairs,2015-02-17 11:21:17,500,500,500,100,500,100,88,85,87,500,78,88,80198
159,2_1_stairs,2015-02-17 11:21:17,500,500,500,100,500,100,88,85,87,500,78,88,80198
160,2_1_stairs,2015-02-17 11:21:19,500,500,500,100,500,85,84,100,87,500,86,89,80198
161,2_1_stairs,2015-02-17 11:21:20,500,500,500,100,500,100,100,100,86,500,69,85,80198
162,2_1_stairs,2015-02-17 11:21:21,500,500,500,100,500,81,86,87,86,500,69,85,80198
163,2_1_stairs,2015-02-17 11:21:22,500,500,500,500,500,100,100,86,100,500,69,88,80198
164,2_1_stairs,2015-02-17 11:21:23,500,500,500,500,500,83,100,86,100,500,70,88,80198
165,2_1_stairs,2015-02-17 11:21:24,500,500,500,500,500,100,100,100,100,500,72,89,80198
166,2_1_stairs,2015-02-17 11:21:25,500,500,500,500,500,89,100,100,100,500,68,89,80198
167,2_1_stairs,2015-02-17 11:21:26,500,500,500,500,500,89,100,100,87,500,65,100,80198
168,2_1_stairs,2015-02-17 11:21:27,500,500,500,500,500,89,84,100,87,500,65,100,80198
169,2_1_stairs,2015-02-17 11:21:28,500,500,500,500,500,88,100,100,100,500,69,87,80198
170,2_1_stairs,2015-02-17 11:21:28,500,500,500,500,500,88,100,100,100,500,69,87,80198
171,2_1_stairs,2015-02-17 11:21:30,500,500,500,500,500,100,100,100,86,500,74,89,80198
172,2_1_stairs,2015-02-17 11:21:30,500,500,500,500,500,100,100,100,86,500,74,89,80198
173,2_1_stairs,2015-02-17 11:21:32,500,500,500,87,500,100,100,500,100,500,82,100,80198
174,2_1_stairs,2015-02-17 11:21:33,500,500,500,100,500,88,100,500,100,500,82,100,80198
175,2_1_stairs,2015-02-17 11:21:33,500,500,500,100,500,88,100,500,100,500,82,100,80198
176,2_1_stairs,2015-02-17 11:21:35,500,500,500,100,500,100,100,89,84,500,84,100,80198
177,2_1_stairs,2015-02-17 11:21:35,500,500,500,100,500,100,100,89,84,500,84,100,80198
178,2_1_stairs,2015-02-17 11:21:37,500,500,500,100,500,83,500,100,82,500,100,88,80198
179,2_1_stairs,2015-02-17 11:21:38,500,500,500,86,500,82,500,100,100,500,100,100,80198
180,2_1_stairs,2015-02-17 11:21:39,500,500,500,100,500,81,500,100,89,500,100,100,80198
181,2_1_stairs,2015-02-17 11:21:40,500,500,500,84,500,100,500,100,83,500,100,100,80198
182,2_1_stairs,2015-02-17 11:21:41,500,500,500,100,500,85,500,100,100,500,100,100,80198
183,2_1_stairs,2015-02-17 11:21:42,500,500,500,87,500,77,500,100,100,500,100,100,80198
184,2_1_stairs,2015-02-17 11:21:43,500,500,500,100,500,76,500,100,89,500,100,100,80198
185,2_1_stairs,2015-02-17 11:21:44,500,500,500,100,500,79,500,100,100,500,89,87,80198
186,2_1_stairs,2015-02-17 11:21:45,500,500,500,100,500,73,500,500,89,500,89,87,80198
187,2_1_stairs,2015-02-17 11:21:46,500,500,500,100,500,70,500,500,85,500,100,100,80198
188,2_1_stairs,2015-02-17 11:21:47,500,500,500,100,500,80,500,500,86,500,100,100,80198
189,2_1_stairs,2015-02-17 11:21:47,500,500,500,100,500,80,500,500,86,500,100,100,80198
190,2_1_stairs,2015-02-17 11:21:49,500,500,500,100,500,81,500,100,100,500,88,82,80198
191,2_1_stairs,2015-02-17 11:21:49,500,500,500,100,500,81,500,100,100,500,88,82,80198
192,2_1_stairs,2015-02-17 11:21:51,500,500,500,100,500,83,500,100,100,500,82,100,80198
193,2_1_stairs,2015-02-17 11:21:51,500,500,500,100,500,83,500,100,100,500,82,100,80198
194,2_1_stairs,2015-02-17 11:21:53,500,500,500,100,500,84,500,100,88,500,75,100,80198
195,2_1_stairs,2015-02-17 11:21:53,500,500,500,100,500,84,500,100,88,500,75,100,80198
196,2_1_stairs,2015-02-17 11:21:55,500,500,500,100,500,86,500,100,87,500,82,100,80198
197,2_1_stairs,2015-02-17 11:21:56,500,500,500,83,500,100,500,100,100,500,76,100,80198
198,2_1_stairs,2015-02-17 11:21:57,500,500,500,100,500,100,500,100,89,500,76,100,80198
199,2_1_stairs,2015-02-17 11:21:58,500,500,500,86,500,100,500,100,86,500,84,500,80198
200,2_1_stairs,2015-02-17 11:21:59,500,500,500,100,500,84,89,100,85,500,84,500,80198
201,2_1_stairs,2015-02-17 11:22:00,500,500,500,88,500,84,100,89,87,500,79,87,80198
202,2_1_stairs,2015-02-17 11:22:01,500,500,500,100,500,100,100,89,87,500,79,87,80198
203,2_1_stairs,2015-02-17 11:22:02,500,500,500,87,500,100,100,100,86,500,84,84,80198
204,2_1_stairs,2015-02-17 11:22:03,500,500,500,100,500,100,100,100,87,500,84,84,80198
205,2_1_stairs,2015-02-17 11:22:04,500,500,500,100,500,85,100,100,84,500,100,100,80198
206,2_1_stairs,2015-02-17 11:22:05,500,500,500,100,500,87,100,100,83,500,100,100,80198
207,2_1_stairs,2015-02-17 11:22:06,500,500,500,89,500,87,100,89,84,500,76,100,80198
208,2_1_stairs,2015-02-17 11:22:07,500,500,500,100,500,87,100,89,80,500,76,100,80198
209,2_1_stairs,2015-02-17 11:22:08,500,500,500,87,500,88,100,100,81,500,74,100,80198
210,2_1_stairs,2015-02-17 11:22:09,500,500,500,100,500,100,500,100,85,500,74,100,80198
211,2_1_stairs,2015-02-17 11:22:10,500,500,500,88,500,100,500,87,84,500,74,100,80198
212,2_1_stairs,2015-02-17 11:22:11,500,500,500,100,500,87,500,100,87,500,74,100,80198
213,2_1_stairs,2015-02-17 11:22:12,500,500,500,100,500,87,500,88,100,500,75,88,80198
214,2_1_stairs,2015-02-17 11:22:13,500,500,500,100,500,100,500,84,100,500,75,88,80198
215,2_1_stairs,2015-02-17 11:22:14,500,500,500,100,500,84,500,88,100,500,79,100,80198
216,2_1_stairs,2015-02-17 11:22:15,500,500,500,100,500,84,500,86,100,500,79,100,80198
217,2_1_stairs,2015-02-17 11:22:16,500,500,500,100,500,100,500,87,100,500,75,100,80198
218,2_1_stairs,2015-02-17 11:22:16,500,500,500,100,500,100,500,87,100,500,75,100,80198
219,2_1_stairs,2015-02-17 11:22:17,500,500,500,100,500,88,500,87,100,500,75,100,80198
220,2_1_stairs,2015-02-17 11:22:18,500,500,500,100,500,87,500,86,100,500,100,100,80198
221,2_1_stairs,2015-02-17 11:22:20,500,500,500,500,500,81,500,72,500,500,85,100,80198
222,2_1_stairs,2015-02-17 11:22:21,500,500,500,500,500,84,500,78,500,500,85,100,80198
223,2_1_stairs,2015-02-17 11:22:22,500,500,500,500,500,89,500,75,500,500,100,500,80198
224,2_1_stairs,2015-02-17 11:22:23,500,500,500,500,500,84,500,75,500,500,100,500,80198
225,2_1_stairs,2015-02-17 11:22:24,500,500,500,500,500,88,500,77,87,500,100,84,80198
226,2_1_stairs,2015-02-17 11:22:25,500,500,500,500,500,81,500,87,87,500,100,84,80198
227,2_1_stairs,2015-02-17 11:22:26,500,500,500,500,500,100,500,87,100,500,100,100,80198
228,2_1_stairs,2015-02-17 11:22:26,500,500,500,500,500,100,500,87,100,500,100,100,80198
229,2_1_stairs,2015-02-17 11:22:28,500,500,500,500,500,100,100,83,100,500,82,84,80198
230,2_1_stairs,2015-02-17 11:22:29,500,500,500,500,500,100,100,100,100,500,82,84,80198
231,2_1_stairs,2015-02-17 11:22:30,500,500,500,500,500,87,100,100,100,500,81,89,80198
232,2_1_stairs,2015-02-17 11:22:31,500,500,500,500,500,87,86,100,100,500,81,89,80198
233,2_1_stairs,2015-02-17 11:22:32,500,500,500,500,500,85,100,100,100,500,74,100,80198
234,2_1_stairs,2015-02-17 11:22:33,500,500,500,500,500,100,84,100,100,500,74,100,80198
235,2_1_stairs,2015-02-17 11:22:33,500,500,500,500,500,100,84,100,100,500,74,100,80198
236,2_1_stairs,2015-02-17 11:22:35,500,500,500,500,500,89,100,88,500,500,76,100,80198
237,2_1_stairs,2015-02-17 11:22:36,500,500,500,500,500,89,100,84,87,500,79,100,80198
238,2_1_stairs,2015-02-17 11:22:37,500,500,500,500,500,86,100,100,87,500,79,100,80198
239,2_1_stairs,2015-02-17 11:22:38,500,500,500,88,500,86,100,100,100,500,69,87,80198
240,2_1_stairs,2015-02-17 11:22:39,500,500,500,100,500,86,86,89,100,500,69,87,80198
241,2_1_stairs,2015-02-17 11:22:40,500,500,500,100,500,89,100,89,87,500,81,100,80198
242,2_1_stairs,2015-02-17 11:22:41,500,500,500,100,500,89,100,100,87,500,81,100,80198
243,2_1_stairs,2015-02-17 11:22:42,500,500,500,100,500,87,100,100,77,500,86,100,80198
244,2_1_stairs,2015-02-17 11:22:43,500,500,500,100,500,87,100,100,77,500,86,100,80198
245,2_1_stairs,2015-02-17 11:22:44,500,500,500,100,500,100,100,100,85,500,81,100,80198
246,none,2015-02-17 11:22:45,500,500,500,100,500,88,100,100,85,500,78,100,80198
247,none,2015-02-17 11:22:46,500,500,500,83,500,100,100,100,87,500,80,100,80198
248,none,2015-02-17 11:22:47,500,500,500,86,500,89,100,100,87,500,83,100,80198
249,none,2015-02-17 11:22:48,500,500,500,85,500,100,100,100,88,500,82,500,80198
250,none,2015-02-17 11:22:49,500,500,500,85,500,86,500,500,88,500,84,500,80198
251,none,2015-02-17 11:22:50,500,500,500,86,500,77,500,500,89,500,87,500,80198
252,none,2015-02-17 11:22:51,500,500,500,86,500,79,500,500,87,500,83,500,80198
253,none,2015-02-17 11:22:52,500,500,500,85,500,77,500,500,86,500,81,86,80198
254,none,2015-02-17 11:22:53,500,87,500,100,500,76,500,500,86,500,84,85,80198
255,none,2015-02-17 11:22:54,500,87,500,85,500,72,500,500,88,89,79,88,80198
256,none,2015-02-17 11:22:55,500,86,500,100,500,66,500,500,87,89,80,88,80198
257,none,2015-02-17 11:22:56,500,86,500,100,500,64,500,500,100,100,88,87,80198
258,none,2015-02-17 11:22:57,500,100,500,100,500,70,500,500,100,100,88,87,80198
259,none,2015-02-17 11:22:57,500,100,500,100,500,70,500,500,100,100,88,87,80198
260,2_lobby,2015-02-17 11:22:59,500,100,500,86,500,70,500,500,100,100,83,100,80198
261,2_lobby,2015-02-17 11:23:00,500,100,500,89,500,65,500,500,100,89,83,86,80198
262,2_lobby,2015-02-17 11:23:01,500,100,500,86,500,69,500,500,88,89,84,86,80198
263,2_lobby,2015-02-17 11:23:02,500,86,500,100,500,70,500,500,88,89,87,100,80198
264,2_lobby,2015-02-17 11:23:03,500,86,500,84,500,67,500,500,100,89,88,100,80198
265,2_lobby,2015-02-17 11:23:04,500,85,500,100,500,70,500,500,100,100,89,100,80198
266,2_lobby,2015-02-17 11:23:05,500,88,500,100,500,75,500,500,100,100,100,100,80198
267,2_lobby,2015-02-17 11:23:05,500,88,500,100,500,75,500,500,100,100,100,100,80198
268,2_lobby,2015-02-17 11:23:07,500,86,500,100,500,73,500,500,100,100,100,100,80198
269,2_lobby,2015-02-17 11:23:07,500,86,500,100,500,73,500,500,100,100,100,100,80198
270,2_lobby,2015-02-17 11:23:09,500,83,89,100,500,65,89,500,100,87,100,100,80198
271,2_lobby,2015-02-17 11:23:10,500,89,100,100,500,80,100,500,100,100,100,500,80198
272,2_lobby,2015-02-17 11:23:11,500,100,100,100,500,77,100,500,500,87,88,500,80198
273,2_lobby,2015-02-17 11:23:12,500,100,100,100,500,72,100,500,500,100,100,500,80198
274,2_lobby,2015-02-17 11:23:13,500,86,100,500,500,70,100,500,500,100,100,500,80198
275,2_lobby,2015-02-17 11:23:14,500,86,100,500,500,72,89,500,500,100,100,500,80198
276,2_lobby,2015-02-17 11:23:15,500,82,100,500,500,69,86,500,500,100,100,500,80198
277,2_lobby,2015-02-17 11:23:16,500,82,100,500,500,69,85,500,500,100,86,87,80198
278,2_lobby,2015-02-17 11:23:17,500,100,100,500,500,71,100,500,500,100,85,86,80198
279,2_lobby,2015-02-17 11:23:18,500,100,100,89,500,71,100,500,500,100,85,86,80198
280,2_lobby,2015-02-17 11:23:18,500,100,100,89,500,71,100,500,500,100,85,86,80198
281,2_lobby,2015-02-17 11:23:20,500,100,500,100,500,69,89,500,89,100,85,100,80198
282,2_lobby,2015-02-17 11:23:21,500,100,500,100,500,67,88,500,100,500,87,100,80198
283,2_lobby,2015-02-17 11:23:22,500,100,500,100,500,69,86,500,100,500,100,100,80198
284,2_lobby,2015-02-17 11:23:23,500,100,500,100,500,70,86,500,100,500,100,100,80198
285,2_lobby,2015-02-17 11:23:24,500,100,500,100,500,67,87,500,100,500,86,100,80198
286,2_lobby,2015-02-17 11:23:25,500,500,500,100,500,65,100,500,100,500,87,100,80198
287,2_lobby,2015-02-17 11:23:26,500,85,500,83,500,69,100,500,100,500,86,100,80198
288,2_lobby,2015-02-17 11:23:27,500,84,500,100,500,75,100,500,100,500,86,100,80198
289,2_lobby,2015-02-17 11:23:28,500,100,500,76,500,79,88,500,100,500,85,500,80198
290,2_lobby,2015-02-17 11:23:29,500,100,500,100,500,74,88,500,500,500,88,500,80198
291,2_lobby,2015-02-17 11:23:30,500,100,500,87,500,74,100,500,500,500,100,500,80198
292,2_lobby,2015-02-17 11:23:31,500,100,500,100,500,88,100,500,500,500,100,500,80198
293,2_lobby,2015-02-17 11:23:32,500,100,500,100,500,100,100,500,500,500,100,500,80198
294,2_lobby,2015-02-17 11:23:32,500,100,500,100,500,100,100,500,500,500,100,500,80198
295,2_lobby,2015-02-17 11:23:34,500,100,500,100,500,100,100,500,500,87,89,500,80198
296,2_lobby,2015-02-17 11:23:35,500,100,500,100,500,84,82,500,500,87,100,500,80198
297,2_lobby,2015-02-17 11:23:36,500,100,500,100,500,85,82,500,500,100,88,500,80198
298,2_lobby,2015-02-17 11:23:37,500,500,500,100,500,77,85,500,500,84,88,500,80198
299,2_lobby,2015-02-17 11:23:38,500,500,500,100,500,73,88,500,500,84,88,500,80198
300,none,2015-02-17 11:23:39,500,500,500,100,500,72,87,500,500,85,100,500,80198
301,none,2015-02-17 11:23:40,500,87,500,86,500,74,88,500,500,87,100,500,80198
302,none,2015-02-17 11:23:41,500,88,500,86,500,82,88,500,500,87,100,500,80198
303,none,2015-02-17 11:23:42,500,87,500,87,500,81,100,500,500,87,89,500,80198
304,none,2015-02-17 11:23:43,500,86,500,100,500,77,87,500,500,86,89,500,80198
305,none,2015-02-17 11:23:44,500,100,500,89,500,100,100,500,500,100,100,500,80198
306,none,2015-02-17 11:23:45,500,89,500,83,500,78,88,500,500,100,86,500,80198
307,none,2015-02-17 11:23:46,500,100,500,81,500,78,88,500,500,100,87,500,80198
308,none,2015-02-17 11:23:47,500,100,500,88,500,76,100,500,500,100,100,500,80198
309,none,2015-02-17 11:23:48,500,100,500,82,500,79,100,500,500,100,83,500,80198
310,none,2015-02-17 11:23:49,500,100,500,81,500,75,100,500,500,100,100,500,80198
311,none,2015-02-17 11:23:50,500,100,500,86,500,79,100,500,500,100,88,500,80198
312,none,2015-02-17 11:23:51,500,89,500,86,500,75,100,500,500,100,100,500,80198
313,none,2015-02-17 11:23:52,500,84,500,85,500,87,100,500,500,500,100,500,80198
314,2_hist_old,2015-02-17 11:23:53,500,85,500,83,500,100,100,500,500,500,100,500,80198
315,2_hist_old,2015-02-17 11:23:54,500,84,500,83,500,77,100,500,500,500,100,500,80198
316,2_hist_old,2015-02-17 11:23:55,500,81,500,85,500,87,500,500,500,500,100,500,80198
317,2_hist_old,2015-02-17 11:23:56,500,78,500,89,500,81,500,500,500,500,88,500,80198
318,2_hist_old,2015-02-17 11:23:56,500,78,500,89,500,81,500,500,500,500,88,500,80198
319,2_hist_old,2015-02-17 11:23:58,500,87,500,86,500,81,500,500,500,500,100,500,80198
320,2_hist_old,2015-02-17 11:23:59,500,79,500,100,500,85,500,500,500,500,100,500,80198
321,2_hist_old,2015-02-17 11:24:00,500,79,500,100,500,85,500,500,500,500,100,500,80198
322,2_hist_old,2015-02-17 11:24:01,500,100,500,88,500,81,500,500,500,500,100,500,80198
323,2_hist_old,2015-02-17 11:24:02,500,100,500,86,500,80,500,500,500,500,100,500,80198
324,2_hist_old,2015-02-17 11:24:02,500,100,500,86,500,80,500,500,500,500,100,500,80198
325,2_hist_old,2015-02-17 11:24:04,500,81,500,87,500,100,500,500,500,500,100,500,80198
326,2_hist_old,2015-02-17 11:24:04,500,81,500,87,500,100,500,500,500,500,100,500,80198
327,2_hist_old,2015-02-17 11:24:06,500,84,500,100,500,77,500,500,500,500,500,500,80198
328,2_hist_old,2015-02-17 11:24:06,500,84,500,100,500,77,500,500,500,500,500,500,80198
329,2_hist_old,2015-02-17 11:24:08,500,87,500,100,500,88,500,500,500,500,500,500,80198
330,2_hist_old,2015-02-17 11:24:08,500,87,500,100,500,88,500,500,500,500,500,500,80198
331,2_hist_old,2015-02-17 11:24:09,500,73,500,100,500,87,500,500,500,500,500,500,80198
332,2_hist_old,2015-02-17 11:24:10,500,74,500,85,500,86,500,500,500,500,500,500,80198
333,2_hist_old,2015-02-17 11:24:11,500,80,500,100,500,87,500,500,500,500,500,500,80198
334,2_hist_old,2015-02-17 11:24:12,500,83,500,100,500,100,500,500,500,500,500,500,80198
335,2_hist_old,2015-02-17 11:24:13,500,84,500,100,500,100,500,500,500,500,500,500,80198
336,2_hist_old,2015-02-17 11:24:14,500,83,500,100,500,100,500,500,500,500,500,500,80198
337,2_hist_old,2015-02-17 11:24:15,500,82,500,100,500,100,500,500,500,500,500,500,80198
338,2_hist_old,2015-02-17 11:24:16,500,80,500,100,500,100,500,500,500,500,500,500,80198
339,2_hist_old,2015-02-17 11:24:17,500,83,500,100,500,100,500,500,500,500,500,500,80198
340,2_hist_old,2015-02-17 11:24:18,500,84,500,100,500,100,500,500,500,500,500,500,80198
341,2_hist_old,2015-02-17 11:24:19,500,84,500,100,500,100,500,500,500,500,500,500,80198
342,2_hist_old,2015-02-17 11:24:20,500,83,500,500,500,100,500,500,500,500,500,500,80198
343,2_hist_old,2015-02-17 11:24:21,500,89,500,500,500,500,500,500,500,500,500,500,80198
344,2_hist_old,2015-02-17 11:24:22,500,89,500,500,500,500,500,500,500,500,500,500,80198
345,2_hist_old,2015-02-17 11:24:23,500,84,500,500,500,500,500,500,500,500,500,500,80198
346,2_hist_old,2015-02-17 11:24:24,500,86,500,500,500,500,500,500,500,500,500,500,80198
347,2_hist_old,2015-02-17 11:24:25,500,85,500,500,500,500,500,500,500,500,500,500,80198
348,2_hist_old,2015-02-17 11:24:26,500,83,500,500,500,500,500,500,500,500,500,500,80198
349,2_hist_old,2015-02-17 11:24:27,500,85,500,500,500,500,500,500,500,500,500,500,80198
350,2_hist_old,2015-02-17 11:24:28,500,83,500,500,500,500,500,500,500,500,500,500,80198
351,2_hist_old,2015-02-17 11:24:29,500,80,500,500,500,84,500,500,500,500,500,500,80198
352,2_hist_old,2015-02-17 11:24:30,500,100,500,500,500,86,500,500,500,500,500,500,80198
353,2_hist_old,2015-02-17 11:24:31,500,85,500,500,500,100,500,500,500,500,500,500,80198
354,2_hist_old,2015-02-17 11:24:32,500,100,500,500,500,100,500,500,500,500,500,500,80198
355,2_hist_old,2015-02-17 11:24:33,500,86,500,500,500,100,500,500,500,500,500,500,80198
356,2_hist_old,2015-02-17 11:24:34,500,88,500,500,500,100,500,500,500,500,500,500,80198
357,2_hist_old,2015-02-17 11:24:35,500,89,500,500,500,100,500,500,500,500,500,500,80198
358,2_hist_old,2015-02-17 11:24:36,500,100,500,500,500,100,500,500,500,500,500,500,80198
359,2_hist_old,2015-02-17 11:24:37,500,84,500,500,500,88,500,500,500,500,500,500,80198
360,2_hist_old,2015-02-17 11:24:38,500,83,500,500,500,100,500,500,500,500,500,500,80198
361,2_hist_old,2015-02-17 11:24:39,500,83,500,500,500,100,500,500,500,500,500,500,80198
362,2_hist_old,2015-02-17 11:24:40,500,72,500,500,500,100,500,500,500,500,500,500,80198
363,2_hist_old,2015-02-17 11:24:41,500,75,500,500,500,100,500,500,500,500,500,500,80198
364,2_hist_old,2015-02-17 11:24:42,500,79,500,500,500,100,500,500,500,500,500,500,80198
365,2_hist_old,2015-02-17 11:24:44,500,85,500,500,500,100,500,500,500,500,500,500,80198
366,2_hist_old,2015-02-17 11:24:45,500,74,500,500,500,100,500,500,500,500,500,500,80198
367,2_hist_old,2015-02-17 11:24:46,500,74,500,89,500,100,500,500,500,500,500,500,80198
368,2_hist_old,2015-02-17 11:24:47,500,75,500,100,500,89,500,500,500,500,500,500,80198
369,2_hist_old,2015-02-17 11:24:47,500,75,500,100,500,89,500,500,500,500,500,500,80198
370,2_hist_old,2015-02-17 11:24:48,500,81,500,100,500,89,500,500,500,500,500,500,80198
371,2_hist_old,2015-02-17 11:24:50,500,78,500,100,500,89,500,500,500,500,500,500,80198
372,2_hist_old,2015-02-17 11:24:51,500,78,500,100,500,88,500,500,500,500,500,500,80198
373,2_hist_old,2015-02-17 11:24:51,500,78,500,100,500,88,500,500,500,500,500,500,80198
374,2_hist_old,2015-02-17 11:24:53,500,85,500,100,500,85,500,500,500,500,500,500,80198
375,2_hist_old,2015-02-17 11:24:53,500,85,500,100,500,85,500,500,500,500,500,500,80198
376,2_hist_old,2015-02-17 11:24:54,500,87,500,86,500,100,500,500,500,500,500,500,80198
377,2_hist_old,2015-02-17 11:24:55,500,82,500,100,500,100,500,500,500,500,500,500,80198
378,2_hist_old,2015-02-17 11:24:57,500,85,500,100,500,86,500,500,500,500,500,500,80198
379,2_hist_old,2015-02-17 11:24:58,500,85,500,100,500,100,500,500,500,500,500,500,80198
380,2_hist_old,2015-02-17 11:24:59,500,80,500,100,500,86,500,500,500,500,500,500,80198
381,2_hist_old,2015-02-17 11:25:00,500,79,500,100,500,86,500,500,500,500,500,500,80198
382,2_hist_old,2015-02-17 11:25:00,500,79,500,100,500,86,500,500,500,500,500,500,80198
383,2_hist_old,2015-02-17 11:25:02,500,85,500,86,500,82,500,500,500,500,500,500,80198
384,2_hist_old,2015-02-17 11:25:03,500,88,500,100,500,76,500,500,500,500,500,500,80198
385,2_hist_old,2015-02-17 11:25:04,500,100,500,86,500,70,500,500,500,500,500,500,80198
386,2_hist_old,2015-02-17 11:25:05,500,100,500,100,500,73,500,500,500,500,86,500,80198
387,2_hist_old,2015-02-17 11:25:06,500,100,500,100,500,78,500,500,500,500,86,500,80198
388,2_hist_old,2015-02-17 11:25:06,500,100,500,100,500,78,500,500,500,500,86,500,80198
389,2_hist_old,2015-02-17 11:25:07,500,87,500,100,500,74,500,500,500,500,100,500,80198
390,2_hist_old,2015-02-17 11:25:08,500,87,500,100,500,79,500,500,500,500,100,500,80198
391,2_hist_old,2015-02-17 11:25:09,500,86,500,100,500,79,500,500,500,500,100,500,80198
392,2_hist_old,2015-02-17 11:25:10,500,100,500,84,500,79,500,500,500,500,100,500,80198
393,2_hist_old,2015-02-17 11:25:11,500,100,500,100,500,82,500,500,500,500,100,500,80198
394,2_hist_old,2015-02-17 11:25:12,500,85,500,78,500,79,500,500,500,500,100,500,80198
395,2_hist_old,2015-02-17 11:25:13,500,100,500,100,500,74,500,500,500,500,100,500,80198
396,2_hist_old,2015-02-17 11:25:15,500,74,500,100,500,100,500,500,500,500,500,500,80198
397,2_hist_old,2015-02-17 11:25:15,500,74,500,100,500,100,500,500,500,500,500,500,80198
398,2_hist_old,2015-02-17 11:25:16,500,78,500,85,500,85,500,500,500,500,500,500,80198
399,2_hist_old,2015-02-17 11:25:18,500,75,500,86,500,100,500,500,500,500,500,500,80198
400,2_hist_old,2015-02-17 11:25:19,500,78,500,100,500,89,500,500,500,500,500,500,80198
401,2_hist_old,2015-02-17 11:25:20,500,82,500,100,500,100,500,500,500,500,500,500,80198
402,2_hist_old,2015-02-17 11:25:21,500,87,500,100,500,100,500,500,500,500,500,500,80198
403,2_hist_old,2015-02-17 11:25:22,500,87,500,88,500,87,500,500,500,500,500,500,80198
404,2_hist_old,2015-02-17 11:25:23,500,85,500,88,500,87,500,500,500,500,500,500,80198
405,2_hist_old,2015-02-17 11:25:23,500,85,500,88,500,87,500,500,500,500,500,500,80198
406,none,2015-02-17 11:25:25,500,78,500,87,500,100,500,500,500,500,500,500,80198
407,none,2015-02-17 11:25:26,500,78,500,83,500,100,500,500,500,500,500,500,80198
408,none,2015-02-17 11:25:27,500,80,500,80,500,89,500,500,500,500,500,500,80198
409,none,2015-02-17 11:25:28,500,78,500,100,500,89,500,500,500,500,500,500,80198
410,none,2015-02-17 11:25:29,500,79,500,100,500,89,500,500,500,500,500,500,80198
411,none,2015-02-17 11:25:30,500,82,500,100,500,87,500,500,500,500,500,500,80198
412,none,2015-02-17 11:25:31,500,86,500,87,500,85,500,500,500,500,500,500,80198
413,none,2015-02-17 11:25:31,500,86,500,87,500,85,500,500,500,500,500,500,80198
414,none,2015-02-17 11:25:32,500,84,500,100,500,87,500,500,500,500,500,500,80198
415,none,2015-02-17 11:25:34,500,78,500,82,500,100,500,500,500,500,500,500,80198
416,none,2015-02-17 11:25:35,500,82,500,83,500,86,500,500,500,500,500,500,80198
417,none,2015-02-17 11:25:36,500,84,500,88,500,100,500,500,500,500,500,500,80198
418,none,2015-02-17 11:25:36,500,84,500,88,500,100,500,500,500,500,500,500,80198
419,none,2015-02-17 11:25:38,500,86,500,88,500,100,500,500,500,500,500,500,80198
420,none,2015-02-17 11:25:39,500,87,500,87,500,85,500,500,500,500,500,500,80198
421,2_hist_new,2015-02-17 11:25:40,500,75,500,84,500,86,500,500,500,500,500,500,80198
422,2_hist_new,2015-02-17 11:25:41,500,75,500,80,500,84,500,500,500,500,500,500,80198
423,2_hist_new,2015-02-17 11:25:42,500,100,500,81,500,100,500,500,500,500,500,500,80198
424,2_hist_new,2015-02-17 11:25:43,500,100,500,83,500,100,500,500,500,500,86,500,80198
425,2_hist_new,2015-02-17 11:25:44,500,81,500,84,500,85,500,500,500,500,100,500,80198
426,2_hist_new,2015-02-17 11:25:45,500,83,500,77,500,85,500,500,500,500,100,500,80198
427,2_hist_new,2015-02-17 11:25:45,500,83,500,77,500,85,500,500,500,500,100,500,80198
428,2_hist_new,2015-02-17 11:25:47,500,85,500,79,500,84,500,500,500,500,100,500,80198
429,2_hist_new,2015-02-17 11:25:47,500,85,500,79,500,84,500,500,500,500,100,500,80198
430,2_hist_new,2015-02-17 11:25:49,500,83,500,72,500,89,500,500,500,500,100,500,80198
431,2_hist_new,2015-02-17 11:25:50,500,100,500,72,500,87,500,500,500,500,89,500,80198
432,2_hist_new,2015-02-17 11:25:51,500,89,500,75,500,85,500,500,500,500,89,500,80198
433,2_hist_new,2015-02-17 11:25:52,500,86,500,81,500,82,500,500,500,500,89,500,80198
434,2_hist_new,2015-02-17 11:25:52,500,86,500,81,500,82,500,500,500,500,89,500,80198
435,2_hist_new,2015-02-17 11:25:54,500,86,500,74,500,100,500,500,500,500,100,500,80198
436,2_hist_new,2015-02-17 11:25:54,500,86,500,74,500,100,500,500,500,500,100,500,80198
437,2_hist_new,2015-02-17 11:25:56,500,80,500,76,500,86,500,500,500,500,100,500,80198
438,2_hist_new,2015-02-17 11:25:57,500,83,500,72,500,87,500,500,500,500,89,500,80198
439,2_hist_new,2015-02-17 11:25:58,500,86,500,73,500,84,500,500,500,500,100,500,80198
440,2_hist_new,2015-02-17 11:25:59,500,88,500,100,500,89,500,500,500,500,100,500,80198
441,2_hist_new,2015-02-17 11:25:59,500,88,500,100,500,89,500,500,500,500,100,500,80198
442,2_hist_new,2015-02-17 11:26:01,500,83,500,72,500,83,500,500,500,500,100,500,80198
443,2_hist_new,2015-02-17 11:26:01,500,83,500,72,500,83,500,500,500,500,100,500,80198
444,2_hist_new,2015-02-17 11:26:02,500,84,500,77,500,100,500,500,500,500,100,500,80198
445,2_hist_new,2015-02-17 11:26:03,500,85,500,100,500,100,500,500,500,500,88,500,80198
446,2_hist_new,2015-02-17 11:26:04,500,100,500,78,500,89,500,500,500,500,100,500,80198
447,2_hist_new,2015-02-17 11:26:05,500,100,500,100,500,89,500,500,500,500,100,500,80198
448,2_hist_new,2015-02-17 11:26:06,500,100,500,74,500,100,500,500,500,500,100,500,80198
449,2_hist_new,2015-02-17 11:26:07,500,100,500,100,500,100,500,500,500,500,100,500,80198
450,2_hist_new,2015-02-17 11:26:08,500,100,500,100,500,100,500,500,500,500,100,500,80198
451,2_hist_new,2015-02-17 11:26:09,500,100,500,100,500,100,500,500,500,500,100,500,80198
452,2_hist_new,2015-02-17 11:26:10,500,100,500,100,500,100,500,500,500,500,100,500,80198
453,2_hist_new,2015-02-17 11:26:11,500,100,500,100,500,100,500,500,500,500,100,500,80198
454,2_hist_new,2015-02-17 11:26:12,500,500,500,73,500,100,500,500,500,500,100,500,80198
455,2_hist_new,2015-02-17 11:26:14,500,500,500,100,500,87,500,500,500,500,500,500,80198
456,2_hist_new,2015-02-17 11:26:14,500,500,500,100,500,87,500,500,500,500,500,500,80198
457,2_hist_new,2015-02-17 11:26:15,500,500,500,100,500,100,500,500,500,500,500,500,80198
458,2_hist_new,2015-02-17 11:26:16,500,500,500,75,500,100,500,500,500,500,500,500,80198
459,2_hist_new,2015-02-17 11:26:17,500,86,500,100,500,85,500,500,500,500,500,500,80198
460,2_hist_new,2015-02-17 11:26:18,500,87,500,76,500,88,500,500,500,500,500,500,80198
461,2_hist_new,2015-02-17 11:26:19,500,100,500,100,500,100,500,500,500,500,500,500,80198
462,2_hist_new,2015-02-17 11:26:20,500,100,500,69,500,100,500,500,500,500,500,500,80198
463,2_hist_new,2015-02-17 11:26:21,500,100,500,100,500,100,500,500,500,500,500,500,80198
464,2_hist_new,2015-02-17 11:26:22,500,100,500,72,500,100,500,500,500,500,88,500,80198
465,2_hist_new,2015-02-17 11:26:24,500,81,500,100,500,100,500,500,500,500,100,500,80198
466,2_hist_new,2015-02-17 11:26:24,500,81,500,100,500,100,500,500,500,500,100,500,80198
467,2_hist_new,2015-02-17 11:26:25,500,100,500,100,500,100,500,500,500,500,88,500,80198
468,2_hist_new,2015-02-17 11:26:27,500,100,500,100,500,86,500,500,500,500,87,500,80198
469,2_hist_new,2015-02-17 11:26:28,500,100,500,88,500,86,500,500,500,500,89,500,80198
470,2_hist_new,2015-02-17 11:26:29,500,100,500,100,500,86,500,500,500,500,87,500,80198
471,2_hist_new,2015-02-17 11:26:30,500,100,500,82,500,100,500,500,500,500,86,500,80198
472,2_hist_new,2015-02-17 11:26:31,500,100,500,100,500,100,500,500,500,500,86,500,80198
473,2_hist_new,2015-02-17 11:26:31,500,100,500,100,500,100,500,500,500,500,86,500,80198
474,2_hist_new,2015-02-17 11:26:33,500,89,500,100,500,100,500,500,500,500,81,500,80198
475,2_hist_new,2015-02-17 11:26:34,500,100,500,76,500,100,500,500,500,500,100,500,80198
476,2_hist_new,2015-02-17 11:26:35,500,100,500,100,500,100,500,500,500,500,100,500,80198
477,2_hist_new,2015-02-17 11:26:36,500,100,500,85,500,100,500,500,500,500,88,500,80198
478,2_hist_new,2015-02-17 11:26:37,500,100,500,100,500,100,500,500,500,500,88,500,80198
479,2_hist_new,2015-02-17 11:26:38,500,100,500,100,500,500,500,500,500,500,87,500,80198
480,2_hist_new,2015-02-17 11:26:39,500,86,500,100,500,500,500,500,500,500,86,500,80198
481,2_hist_new,2015-02-17 11:26:40,500,85,500,82,500,500,500,500,500,500,85,500,80198
482,2_hist_new,2015-02-17 11:26:41,500,100,500,100,500,500,500,500,500,500,86,500,80198
483,2_hist_new,2015-02-17 11:26:42,500,100,500,79,500,500,500,500,500,500,85,500,80198
484,2_hist_new,2015-02-17 11:26:43,500,100,500,100,500,500,500,500,500,500,86,500,80198
485,2_hist_new,2015-02-17 11:26:44,500,89,500,85,500,89,500,500,500,500,87,500,80198
486,2_hist_new,2015-02-17 11:26:45,500,89,500,100,500,89,500,500,500,500,84,500,80198
487,2_hist_new,2015-02-17 11:26:46,500,100,500,85,500,100,500,500,500,500,87,500,80198
488,2_hist_new,2015-02-17 11:26:47,500,100,500,100,500,100,500,500,500,500,87,500,80198
489,2_hist_new,2015-02-17 11:26:48,500,100,500,79,500,100,500,500,500,500,85,500,80198
490,2_hist_new,2015-02-17 11:26:48,500,100,500,79,500,100,500,500,500,500,85,500,80198
491,2_hist_new,2015-02-17 11:26:50,500,100,500,85,500,83,500,500,500,500,87,500,80198
492,2_hist_new,2015-02-17 11:26:50,500,100,500,85,500,83,500,500,500,500,87,500,80198
493,2_hist_new,2015-02-17 11:26:52,500,100,500,77,500,87,500,500,500,500,84,87,80198
494,2_hist_new,2015-02-17 11:26:53,500,100,500,100,500,87,500,500,500,500,87,100,80198
495,2_hist_new,2015-02-17 11:26:54,500,83,500,79,500,87,500,500,500,500,100,100,80198
496,2_hist_new,2015-02-17 11:26:54,500,83,500,79,500,87,500,500,500,500,100,100,80198
497,2_hist_new,2015-02-17 11:26:56,500,88,500,77,500,83,500,500,500,500,100,100,80198
498,2_hist_new,2015-02-17 11:26:56,500,88,500,77,500,83,500,500,500,500,100,100,80198
499,2_hist_new,2015-02-17 11:26:58,500,82,500,78,500,100,500,500,500,500,100,100,80198
500,2_hist_new,2015-02-17 11:26:59,500,100,500,100,500,100,500,500,500,500,100,100,80198
501,2_hist_new,2015-02-17 11:27:00,500,100,500,100,500,100,500,500,500,500,100,100,80198
502,2_hist_new,2015-02-17 11:27:01,500,89,500,100,500,100,500,500,500,500,100,100,80198
503,2_hist_new,2015-02-17 11:27:02,500,100,500,76,500,100,500,500,500,500,89,500,80198
504,2_hist_new,2015-02-17 11:27:03,500,100,500,71,500,88,500,500,500,500,100,500,80198
505,2_hist_new,2015-02-17 11:27:04,500,89,500,65,500,100,500,500,500,500,100,500,80198
506,none,2015-02-17 11:27:05,500,88,500,72,500,100,500,500,500,500,100,500,80198
507,none,2015-02-17 11:27:06,500,88,500,69,500,100,500,500,500,500,100,500,80198
508,none,2015-02-17 11:27:06,500,88,500,69,500,100,500,500,500,500,100,500,80198
509,none,2015-02-17 11:27:08,500,85,500,79,500,100,500,500,500,500,89,500,80198
510,none,2015-02-17 11:27:09,500,85,500,79,500,89,500,500,500,500,87,500,80198
511,none,2015-02-17 11:27:10,500,100,500,74,500,89,500,500,500,500,87,500,80198
512,none,2015-02-17 11:27:11,500,89,500,71,500,87,500,500,500,500,88,500,80198
513,none,2015-02-17 11:27:12,500,87,500,84,500,85,500,500,500,500,89,500,80198
514,none,2015-02-17 11:27:13,500,86,500,77,500,83,500,500,500,500,100,500,80198
515,none,2015-02-17 11:27:14,500,86,500,100,500,82,500,500,500,500,89,500,80198
516,none,2015-02-17 11:27:15,500,86,500,100,500,77,500,500,500,500,87,500,80198
517,none,2015-02-17 11:27:16,500,100,500,81,500,75,500,500,500,500,87,500,80198
518,none,2015-02-17 11:27:17,500,89,500,82,500,72,500,500,500,500,88,500,80198
519,none,2015-02-17 11:27:18,500,89,500,83,500,72,86,500,500,500,88,87,80198
520,none,2015-02-17 11:27:19,500,100,500,84,500,74,86,500,500,500,87,87,80198
521,2_lobby,2015-02-17 11:27:20,500,100,500,100,500,100,100,500,500,500,89,100,80198
522,2_lobby,2015-02-17 11:27:21,500,100,500,81,500,70,100,500,500,500,88,100,80198
523,2_lobby,2015-02-17 11:27:22,500,85,500,83,500,74,100,500,500,89,86,100,80198
524,2_lobby,2015-02-17 11:27:23,500,86,500,88,500,67,89,500,500,89,88,88,80198
525,2_lobby,2015-02-17 11:27:24,500,100,500,88,500,68,87,500,500,89,84,87,80198
526,2_lobby,2015-02-17 11:27:25,500,100,500,86,500,100,87,500,500,89,84,87,80198
527,2_lobby,2015-02-17 11:27:26,500,100,500,85,500,72,100,500,500,100,88,100,80198
528,none,2015-02-17 11:27:27,500,100,500,100,500,73,100,500,500,100,100,100,80198
529,none,2015-02-17 11:27:28,500,100,500,84,500,71,100,500,500,100,100,100,80198
530,none,2015-02-17 11:27:29,500,85,500,100,500,74,89,500,500,100,100,100,80198
531,none,2015-02-17 11:27:30,500,86,500,100,500,77,89,500,500,100,100,100,80198
532,none,2015-02-17 11:27:31,500,87,500,100,500,75,100,500,500,100,100,100,80198
533,none,2015-02-17 11:27:32,500,84,500,100,500,77,100,500,500,100,88,100,80198
534,none,2015-02-17 11:27:33,500,81,500,100,500,79,89,500,500,100,88,100,80198
535,none,2015-02-17 11:27:34,500,100,500,89,500,73,89,500,500,100,100,500,80198
536,none,2015-02-17 11:27:35,500,85,500,87,500,72,84,500,500,87,100,500,80198
537,none,2015-02-17 11:27:36,500,85,500,87,500,76,84,500,500,85,100,500,80198
538,none,2015-02-17 11:27:37,500,100,500,100,500,78,83,500,500,86,86,500,80198
539,none,2015-02-17 11:27:38,500,100,500,100,500,100,87,500,500,81,86,500,80198
540,none,2015-02-17 11:27:39,500,100,500,100,500,79,87,500,500,82,89,500,80198
541,2_gal_north,2015-02-17 11:27:40,500,100,500,100,500,80,87,500,500,86,89,500,80198
542,2_gal_north,2015-02-17 11:27:41,500,100,500,100,500,77,84,500,500,88,100,500,80198
543,2_gal_north,2015-02-17 11:27:42,500,100,500,100,500,100,84,500,500,85,100,500,80198
544,2_gal_north,2015-02-17 11:27:43,500,100,500,100,500,100,87,500,500,86,100,500,80198
545,2_gal_north,2015-02-17 11:27:44,500,100,500,100,500,86,85,500,500,87,88,89,80198
546,2_gal_north,2015-02-17 11:27:45,500,500,500,100,500,81,84,500,500,82,87,86,80198
547,2_gal_north,2015-02-17 11:27:46,500,500,500,500,500,80,83,500,500,100,84,86,80198
548,2_gal_north,2015-02-17 11:27:47,500,500,500,500,500,84,83,500,500,100,83,87,80198
549,2_gal_north,2015-02-17 11:27:48,500,500,500,500,500,87,82,500,500,100,81,88,80198
550,2_gal_north,2015-02-17 11:27:49,500,500,500,500,500,87,81,500,500,89,85,100,80198
551,2_gal_north,2015-02-17 11:27:50,500,500,500,500,500,87,78,500,500,82,86,88,80198
552,2_gal_north,2015-02-17 11:27:51,500,500,500,500,500,85,81,500,500,87,85,88,80198
553,2_gal_north,2015-02-17 11:27:52,500,500,500,500,500,84,84,500,500,88,85,88,80198
554,2_gal_north,2015-02-17 11:27:52,500,500,500,500,500,84,84,500,500,88,85,88,80198
555,2_gal_north,2015-02-17 11:27:54,500,500,500,500,500,82,83,500,500,84,82,100,80198
556,2_gal_north,2015-02-17 11:27:54,500,500,500,500,500,82,83,500,500,84,82,100,80198
557,2_gal_north,2015-02-17 11:27:56,500,500,500,500,500,83,84,500,500,84,100,100,80198
558,2_gal_north,2015-02-17 11:27:56,500,500,500,500,500,83,84,500,500,84,100,100,80198
559,2_gal_north,2015-02-17 11:27:58,500,500,500,500,500,83,100,500,500,85,87,100,80198
560,2_gal_north,2015-02-17 11:27:59,500,500,500,500,500,82,88,500,500,85,87,100,80198
561,2_gal_north,2015-02-17 11:28:00,500,500,500,500,500,85,88,500,500,80,88,100,80198
562,2_gal_north,2015-02-17 11:28:01,500,500,500,500,500,85,83,500,500,80,87,100,80198
563,2_gal_north,2015-02-17 11:28:02,500,500,500,500,500,81,82,500,500,85,87,500,80198
564,2_gal_north,2015-02-17 11:28:03,500,500,500,500,500,85,81,500,500,85,87,500,80198
565,2_gal_north,2015-02-17 11:28:04,500,500,500,500,500,87,78,500,500,89,85,500,80198
566,2_gal_north,2015-02-17 11:28:04,500,500,500,500,500,87,78,500,500,89,85,500,80198
567,2_gal_north,2015-02-17 11:28:06,500,500,500,500,500,89,72,500,500,100,84,500,80198
568,2_gal_north,2015-02-17 11:28:06,500,500,500,500,500,89,72,500,500,100,84,500,80198
569,2_gal_north,2015-02-17 11:28:08,500,500,500,500,500,87,74,500,500,100,82,500,80198
570,2_gal_north,2015-02-17 11:28:09,500,500,500,500,500,88,71,500,500,100,82,500,80198
571,2_gal_north,2015-02-17 11:28:09,500,500,500,500,500,88,71,500,500,100,82,500,80198
572,2_gal_north,2015-02-17 11:28:11,500,500,500,500,500,88,70,500,500,87,81,500,80198
573,2_gal_north,2015-02-17 11:28:12,500,500,500,500,500,88,78,500,500,100,80,500,80198
574,2_gal_north,2015-02-17 11:28:13,500,500,500,500,500,100,77,500,500,100,81,500,80198
575,2_gal_north,2015-02-17 11:28:14,500,500,500,500,500,84,77,500,500,100,86,500,80198
576,2_gal_north,2015-02-17 11:28:15,500,500,500,500,500,84,79,500,500,100,84,500,80198
577,2_gal_north,2015-02-17 11:28:16,500,500,500,500,500,100,78,500,500,100,81,500,80198
578,2_gal_north,2015-02-17 11:28:17,500,500,500,500,500,100,79,500,500,100,86,500,80198
579,2_gal_north,2015-02-17 11:28:17,500,500,500,500,500,100,79,500,500,100,86,500,80198
580,2_gal_north,2015-02-17 11:28:18,500,500,500,500,500,100,76,500,500,100,88,500,80198
581,2_gal_north,2015-02-17 11:28:20,500,500,500,500,500,86,78,500,500,500,83,500,80198
582,2_gal_north,2015-02-17 11:28:21,500,500,500,500,500,87,80,500,500,500,82,500,80198
583,2_gal_north,2015-02-17 11:28:22,500,500,500,500,500,89,85,500,500,500,77,500,80198
584,2_gal_north,2015-02-17 11:28:22,500,500,500,500,500,89,85,500,500,500,77,500,80198
585,2_gal_north,2015-02-17 11:28:24,500,500,500,500,500,88,87,500,500,88,78,500,80198
586,2_gal_north,2015-02-17 11:28:25,500,500,500,500,500,100,86,500,500,88,75,500,80198
587,2_gal_north,2015-02-17 11:28:25,500,500,500,500,500,100,86,500,500,88,75,500,80198
588,2_gal_north,2015-02-17 11:28:27,500,500,500,500,500,88,84,500,500,100,77,500,80198
589,2_gal_north,2015-02-17 11:28:28,500,500,500,500,500,85,84,500,500,100,82,88,80198
590,2_gal_north,2015-02-17 11:28:29,500,500,500,500,500,100,77,500,500,100,81,88,80198
591,2_gal_north,2015-02-17 11:28:30,500,500,500,500,500,88,81,500,500,100,81,100,80198
592,2_gal_north,2015-02-17 11:28:31,500,500,500,500,500,86,80,500,500,100,83,100,80198
593,2_gal_north,2015-02-17 11:28:31,500,500,500,500,500,86,80,500,500,100,83,100,80198
594,2_gal_north,2015-02-17 11:28:33,500,500,500,500,500,88,83,500,500,100,81,100,80198
595,2_gal_north,2015-02-17 11:28:34,500,500,500,500,500,85,78,500,500,500,87,89,80198
596,2_gal_north,2015-02-17 11:28:35,500,500,500,500,500,83,79,500,500,85,87,89,80198
597,2_gal_north,2015-02-17 11:28:36,500,500,500,500,500,84,80,500,500,87,86,100,80198
598,none,2015-02-17 11:28:37,500,500,500,500,500,84,80,500,500,88,84,100,80198
599,none,2015-02-17 11:28:38,500,500,500,500,500,81,82,500,500,88,86,100,80198
600,none,2015-02-17 11:28:39,500,500,500,500,500,81,84,500,500,85,87,89,80198
601,none,2015-02-17 11:28:40,500,500,500,500,500,81,86,500,500,86,84,89,80198
602,none,2015-02-17 11:28:41,500,500,500,500,500,80,84,500,500,86,84,86,80198
603,none,2015-02-17 11:28:41,500,500,500,500,500,80,84,500,500,86,84,86,80198
604,none,2015-02-17 11:28:43,500,500,500,500,500,80,74,500,500,100,79,100,80198
605,none,2015-02-17 11:28:44,500,500,500,500,500,80,71,500,500,100,81,100,80198
606,none,2015-02-17 11:28:45,500,500,500,500,500,88,75,500,500,100,82,100,80198
607,none,2015-02-17 11:28:46,500,500,500,500,500,100,79,500,500,89,81,89,80198
608,none,2015-02-17 11:28:47,500,500,500,500,500,88,82,500,500,89,86,100,80198
609,none,2015-02-17 11:28:48,500,500,500,500,500,100,85,500,500,100,87,100,80198
610,none,2015-02-17 11:28:49,500,500,500,500,500,84,79,500,500,100,85,100,80198
611,2_gal_south,2015-02-17 11:28:50,500,500,500,500,500,100,78,500,500,85,86,100,80198
612,2_gal_south,2015-02-17 11:28:51,500,500,500,500,500,87,79,500,500,85,87,100,80198
613,2_gal_south,2015-02-17 11:28:52,500,500,500,500,500,87,78,500,500,86,86,100,80198
614,2_gal_south,2015-02-17 11:28:53,500,500,500,500,500,82,80,500,500,87,85,100,80198
615,2_gal_south,2015-02-17 11:28:54,500,500,500,500,500,81,79,500,500,100,87,100,80198
616,2_gal_south,2015-02-17 11:28:55,500,500,500,500,500,83,83,500,500,100,100,100,80198
617,2_gal_south,2015-02-17 11:28:55,500,500,500,500,500,83,83,500,500,100,100,100,80198
618,2_gal_south,2015-02-17 11:28:57,500,500,500,500,500,87,84,500,500,84,87,500,80198
619,2_gal_south,2015-02-17 11:28:58,500,500,500,500,500,84,85,500,500,84,88,500,80198
620,2_gal_south,2015-02-17 11:28:59,500,500,500,500,500,79,83,500,500,83,88,500,80198
621,2_gal_south,2015-02-17 11:29:00,500,500,500,500,500,81,83,500,500,82,87,500,80198
622,2_gal_south,2015-02-17 11:29:01,500,500,500,500,500,84,85,500,500,83,89,500,80198
623,2_gal_south,2015-02-17 11:29:02,500,500,500,500,500,80,85,500,500,85,100,500,80198
624,2_gal_south,2015-02-17 11:29:03,500,500,500,500,500,80,82,500,500,80,100,500,80198
625,2_gal_south,2015-02-17 11:29:03,500,500,500,500,500,80,82,500,500,80,100,500,80198
626,2_gal_south,2015-02-17 11:29:04,500,500,500,500,500,83,82,500,500,77,87,500,80198
627,2_gal_south,2015-02-17 11:29:05,500,500,500,500,500,78,83,500,500,77,87,500,80198
628,2_gal_south,2015-02-17 11:29:06,500,500,500,500,500,80,83,500,500,75,89,500,80198
629,2_gal_south,2015-02-17 11:29:07,500,500,500,500,500,77,88,500,500,69,100,500,80198
630,2_gal_south,2015-02-17 11:29:08,500,500,500,500,500,78,85,500,500,69,100,500,80198
631,2_gal_south,2015-02-17 11:29:09,500,500,500,500,500,75,88,500,500,72,100,500,80198
632,2_gal_south,2015-02-17 11:29:10,500,500,500,500,500,82,88,500,500,74,100,500,80198
633,2_gal_south,2015-02-17 11:29:12,500,500,500,500,500,86,100,500,500,66,100,500,80198
634,2_gal_south,2015-02-17 11:29:12,500,500,500,500,500,86,100,500,500,66,100,500,80198
635,2_gal_south,2015-02-17 11:29:14,500,500,500,500,500,83,100,500,500,72,100,500,80198
636,2_gal_south,2015-02-17 11:29:14,500,500,500,500,500,83,100,500,500,72,100,500,80198
637,2_gal_south,2015-02-17 11:29:15,500,500,500,500,500,86,89,500,500,71,500,500,80198
638,2_gal_south,2015-02-17 11:29:16,500,500,500,500,500,86,87,500,500,74,500,500,80198
639,2_gal_south,2015-02-17 11:29:17,500,500,500,500,500,86,86,500,500,78,500,500,80198
640,2_gal_south,2015-02-17 11:29:18,500,500,500,500,500,88,89,500,500,77,500,500,80198
641,2_gal_south,2015-02-17 11:29:19,500,500,500,500,500,88,87,500,500,79,500,500,80198
642,2_gal_south,2015-02-17 11:29:20,500,500,500,500,500,88,100,500,500,86,500,500,80198
643,2_gal_south,2015-02-17 11:29:21,500,500,500,500,500,100,89,500,500,86,500,500,80198
644,2_gal_south,2015-02-17 11:29:22,500,500,500,500,500,100,89,500,500,86,500,500,80198
645,2_gal_south,2015-02-17 11:29:23,500,500,500,500,500,100,100,500,500,86,500,500,80198
646,2_gal_south,2015-02-17 11:29:24,500,500,500,500,500,100,100,500,500,100,500,500,80198
647,2_gal_south,2015-02-17 11:29:26,500,500,500,500,500,100,100,500,500,100,500,500,80198
648,2_gal_south,2015-02-17 11:29:26,500,500,500,500,500,100,100,500,500,100,500,500,80198
649,2_gal_south,2015-02-17 11:29:27,500,500,500,500,500,100,100,500,500,100,500,500,80198
650,2_gal_south,2015-02-17 11:29:28,500,500,500,500,500,100,100,500,500,100,500,500,80198
651,2_gal_south,2015-02-17 11:29:29,500,500,500,500,500,500,100,500,500,100,500,500,80198
652,2_gal_south,2015-02-17 11:29:30,500,500,500,500,500,500,100,500,500,100,500,500,80198
653,2_gal_south,2015-02-17 11:29:31,500,500,500,500,500,500,500,500,500,100,500,500,80198
654,2_gal_south,2015-02-17 11:29:32,500,500,500,500,500,500,87,500,500,83,500,500,80198
655,2_gal_south,2015-02-17 11:29:34,500,500,500,500,500,85,89,500,500,88,89,500,80198
656,2_gal_south,2015-02-17 11:29:34,500,500,500,500,500,85,89,500,500,88,89,500,80198
657,2_gal_south,2015-02-17 11:29:35,500,500,500,500,500,100,100,500,500,88,100,500,80198
658,2_gal_south,2015-02-17 11:29:37,500,500,500,500,500,88,100,500,500,80,100,500,80198
659,2_gal_south,2015-02-17 11:29:37,500,500,500,500,500,88,100,500,500,80,100,500,80198
660,2_gal_south,2015-02-17 11:29:39,500,500,500,500,500,100,100,500,500,77,100,500,80198
661,2_gal_south,2015-02-17 11:29:39,500,500,500,500,500,100,100,500,500,77,100,500,80198
662,2_gal_south,2015-02-17 11:29:41,500,500,500,500,500,89,100,500,500,76,100,500,80198
663,2_gal_south,2015-02-17 11:29:41,500,500,500,500,500,89,100,500,500,76,100,500,80198
664,2_gal_south,2015-02-17 11:29:43,500,500,500,500,500,85,100,500,500,87,100,500,80198
665,2_gal_south,2015-02-17 11:29:44,500,500,500,500,500,86,89,500,500,75,500,500,80198
666,2_gal_south,2015-02-17 11:29:45,500,500,500,500,500,87,89,500,500,75,500,500,80198
667,2_gal_south,2015-02-17 11:29:45,500,500,500,500,500,87,89,500,500,75,500,500,80198
668,2_gal_south,2015-02-17 11:29:47,500,500,500,500,500,88,100,500,500,83,500,500,80198
669,2_gal_south,2015-02-17 11:29:48,500,500,500,500,500,76,85,500,500,86,500,500,80198
670,2_gal_south,2015-02-17 11:29:49,500,500,500,500,500,73,84,500,500,86,500,500,80198
671,2_gal_south,2015-02-17 11:29:49,500,500,500,500,500,73,84,500,500,86,500,500,80198
672,2_gal_south,2015-02-17 11:29:51,500,500,500,500,500,67,100,500,500,83,88,500,80198
673,2_gal_south,2015-02-17 11:29:52,500,500,500,500,500,69,87,500,500,81,100,500,80198
674,2_gal_south,2015-02-17 11:29:53,500,500,500,500,500,71,87,500,500,81,89,500,80198
675,2_gal_south,2015-02-17 11:29:54,500,500,500,500,500,75,100,500,500,84,100,500,80198
676,2_gal_south,2015-02-17 11:29:54,500,500,500,500,500,75,100,500,500,84,100,500,80198
677,2_gal_south,2015-02-17 11:29:56,500,500,500,500,500,83,86,500,500,70,100,500,80198
678,2_gal_south,2015-02-17 11:29:57,500,500,500,500,500,78,88,500,500,70,100,500,80198
679,2_gal_south,2015-02-17 11:29:58,500,500,500,500,500,80,85,500,500,83,100,500,80198
680,2_gal_south,2015-02-17 11:29:59,500,500,500,500,500,83,87,500,500,83,100,500,80198
681,none,2015-02-17 11:30:00,500,500,500,500,500,85,88,500,500,79,100,500,80198
682,2_gal_south,2015-02-17 11:30:00,500,500,500,500,500,85,88,500,500,79,100,500,80198
683,none,2015-02-17 11:30:01,500,500,500,500,500,87,88,500,500,79,100,500,80198
684,none,2015-02-17 11:30:02,500,500,500,500,500,83,86,500,500,80,100,500,80198
685,none,2015-02-17 11:30:04,500,500,500,500,500,82,86,500,500,87,500,500,80198
686,none,2015-02-17 11:30:05,500,500,500,500,500,81,85,500,500,87,87,500,80198
687,none,2015-02-17 11:30:06,500,500,500,500,500,82,100,500,500,83,100,500,80198
688,none,2015-02-17 11:30:07,500,500,500,500,500,82,89,500,500,83,100,500,80198
689,none,2015-02-17 11:30:08,500,500,500,500,500,83,87,500,500,85,100,500,80198
690,none,2015-02-17 11:30:09,500,500,500,500,500,75,85,500,500,85,86,500,80198
691,none,2015-02-17 11:30:10,500,500,500,500,500,100,86,500,500,100,87,500,80198
692,none,2015-02-17 11:30:11,500,500,500,500,500,75,83,500,500,100,88,500,80198
693,none,2015-02-17 11:30:12,500,500,500,500,500,67,84,500,500,100,89,500,80198
694,none,2015-02-17 11:30:13,500,500,500,500,500,73,84,500,500,100,87,89,80198
695,2_lobby,2015-02-17 11:30:14,500,87,500,500,500,100,87,500,500,100,86,89,80198
696,2_lobby,2015-02-17 11:30:15,500,87,500,500,500,70,86,500,500,100,87,100,80198
697,2_lobby,2015-02-17 11:30:16,500,100,500,500,500,75,88,500,500,100,86,100,80198
698,2_lobby,2015-02-17 11:30:17,500,100,500,500,500,66,87,500,500,87,84,100,80198
699,2_lobby,2015-02-17 11:30:18,500,100,500,500,500,76,89,500,500,87,100,100,80198
700,2_lobby,2015-02-17 11:30:19,500,100,500,88,500,76,100,500,500,87,87,100,80198
701,2_lobby,2015-02-17 11:30:20,500,100,500,100,500,66,89,500,500,87,100,88,80198
702,2_lobby,2015-02-17 11:30:21,500,88,500,100,500,69,89,500,500,87,100,88,80198
703,none,2015-02-17 11:30:22,500,88,500,100,500,71,100,500,500,88,88,100,80198
704,none,2015-02-17 11:30:23,500,100,500,87,500,71,100,500,500,100,88,100,80198
705,none,2015-02-17 11:30:24,500,84,500,85,500,72,100,500,500,100,88,89,80198
706,none,2015-02-17 11:30:25,500,84,500,100,500,74,100,500,500,100,100,100,80198
707,none,2015-02-17 11:30:26,500,84,500,83,500,79,100,500,500,100,100,100,80198
708,none,2015-02-17 11:30:27,500,86,500,100,500,100,100,500,500,88,100,100,80198
709,none,2015-02-17 11:30:28,500,85,500,87,500,70,100,500,500,88,100,100,80198
710,none,2015-02-17 11:30:29,500,100,500,87,500,72,100,500,500,88,89,88,80198
711,none,2015-02-17 11:30:30,500,100,500,82,500,82,500,500,500,87,87,86,80198
712,none,2015-02-17 11:30:31,500,82,500,82,500,81,500,500,500,100,87,86,80198
713,none,2015-02-17 11:30:32,500,100,500,80,500,69,500,89,500,100,87,87,80198
714,none,2015-02-17 11:30:33,500,100,500,81,500,80,500,89,500,89,84,88,80198
715,none,2015-02-17 11:30:34,500,100,500,83,500,73,500,100,500,89,83,87,80198
716,none,2015-02-17 11:30:35,500,100,500,83,500,78,500,100,500,100,83,88,80198
717,none,2015-02-17 11:30:36,500,100,500,81,500,78,500,100,500,100,82,87,80198
718,3_2_stairs,2015-02-17 11:30:37,500,100,500,85,500,80,500,100,89,100,78,86,80198
719,3_2_stairs,2015-02-17 11:30:38,500,100,500,86,500,81,500,88,89,100,78,87,80198
720,3_2_stairs,2015-02-17 11:30:39,500,100,500,81,500,84,500,100,88,100,84,87,80198
721,3_2_stairs,2015-02-17 11:30:40,500,100,500,83,500,83,86,100,100,100,84,88,80198
722,3_2_stairs,2015-02-17 11:30:41,500,88,500,86,500,82,100,100,100,89,84,86,80198
723,3_2_stairs,2015-02-17 11:30:42,500,88,500,89,500,81,100,100,89,89,83,83,80198
724,3_2_stairs,2015-02-17 11:30:43,500,100,500,85,500,77,100,100,100,100,87,84,80198
725,3_2_stairs,2015-02-17 11:30:44,500,100,500,79,500,78,100,100,100,100,88,85,80198
726,3_2_stairs,2015-02-17 11:30:45,500,86,500,86,500,76,100,100,100,100,87,85,80198
727,3_2_stairs,2015-02-17 11:30:46,500,86,500,86,500,74,88,100,100,100,86,79,80198
728,3_2_stairs,2015-02-17 11:30:47,500,100,500,100,500,80,88,100,100,100,87,82,80198
729,3_2_stairs,2015-02-17 11:30:47,500,100,500,100,500,80,88,100,100,100,87,82,80198
730,3_2_stairs,2015-02-17 11:30:49,500,100,500,100,500,74,86,500,100,100,85,82,80198
731,3_2_stairs,2015-02-17 11:30:50,500,100,500,100,500,75,86,500,100,100,87,85,80198
732,3_2_stairs,2015-02-17 11:30:51,500,100,85,100,500,82,87,500,100,500,85,80,80198
733,3_2_stairs,2015-02-17 11:30:52,500,100,85,100,500,79,87,500,500,500,85,100,80198
734,3_2_stairs,2015-02-17 11:30:53,500,100,100,100,500,75,100,500,500,500,86,100,80198
735,3_2_stairs,2015-02-17 11:30:54,500,100,82,100,500,100,100,500,500,500,100,84,80198
736,3_2_stairs,2015-02-17 11:30:55,500,500,100,100,500,86,100,500,500,500,100,84,80198
737,3_2_stairs,2015-02-17 11:30:56,500,500,100,100,500,78,100,500,500,500,88,80,80198
738,3_2_stairs,2015-02-17 11:30:57,500,500,100,100,500,79,100,500,500,500,88,79,80198
739,3_2_stairs,2015-02-17 11:30:58,500,500,86,500,500,86,100,500,500,500,85,82,80198
740,3_2_stairs,2015-02-17 11:30:59,500,500,100,500,86,100,100,500,500,500,85,77,80198
741,3_2_stairs,2015-02-17 11:31:00,500,500,86,500,100,100,100,500,500,500,100,76,80198
742,3_2_stairs,2015-02-17 11:31:01,500,500,100,500,100,89,500,500,500,500,100,79,80198
743,3_2_stairs,2015-02-17 11:31:02,500,500,86,500,100,89,500,500,500,500,100,80,80198
744,3_2_stairs,2015-02-17 11:31:03,500,500,83,500,100,100,500,500,500,500,100,80,80198
745,3_2_stairs,2015-02-17 11:31:04,500,500,100,500,88,89,500,89,500,500,83,79,80198
746,3_2_stairs,2015-02-17 11:31:05,500,500,100,500,100,89,88,89,500,500,83,80,80198
747,3_2_stairs,2015-02-17 11:31:06,500,500,100,500,100,100,88,100,500,500,88,83,80198
748,3_2_stairs,2015-02-17 11:31:07,500,500,87,500,100,84,100,100,500,500,88,83,80198
749,3_2_stairs,2015-02-17 11:31:08,500,500,87,500,100,84,100,100,500,500,87,100,80198
750,3_2_stairs,2015-02-17 11:31:09,500,500,100,500,100,100,100,100,500,500,87,100,80198
751,3_2_stairs,2015-02-17 11:31:10,500,500,100,500,100,100,100,100,500,500,100,82,80198
752,3_2_stairs,2015-02-17 11:31:11,500,500,100,500,100,88,86,100,500,500,100,82,80198
753,3_2_stairs,2015-02-17 11:31:12,500,500,100,500,100,78,86,100,500,500,86,79,80198
754,3_2_stairs,2015-02-17 11:31:13,500,500,100,500,100,75,87,100,500,500,86,79,80198
755,3_2_stairs,2015-02-17 11:31:14,500,500,100,500,500,84,87,500,500,500,84,100,80198
756,3_2_stairs,2015-02-17 11:31:15,500,500,100,500,500,81,83,500,500,500,84,100,80198
757,3_2_stairs,2015-02-17 11:31:16,500,500,100,500,500,78,83,500,500,500,100,100,80198
758,3_2_stairs,2015-02-17 11:31:17,500,500,500,500,500,75,100,500,500,500,100,100,80198
759,3_2_stairs,2015-02-17 11:31:18,500,500,500,500,500,77,100,500,500,500,88,100,80198
760,3_2_stairs,2015-02-17 11:31:19,500,500,500,500,500,76,89,500,500,500,88,100,80198
761,3_2_stairs,2015-02-17 11:31:20,500,500,500,81,500,76,89,500,500,500,100,100,80198
762,3_2_stairs,2015-02-17 11:31:21,500,500,500,100,89,76,100,500,500,500,100,100,80198
763,3_2_stairs,2015-02-17 11:31:22,500,500,500,84,100,81,100,500,500,500,100,78,80198
764,3_2_stairs,2015-02-17 11:31:23,500,500,500,100,100,81,100,500,500,500,100,78,80198
765,3_2_stairs,2015-02-17 11:31:24,500,500,500,100,100,75,100,500,500,500,100,100,80198
766,3_2_stairs,2015-02-17 11:31:25,500,500,500,100,100,77,100,500,500,500,100,100,80198
767,3_2_stairs,2015-02-17 11:31:26,500,500,500,100,100,81,100,500,500,500,100,80,80198
768,3_2_stairs,2015-02-17 11:31:27,500,500,84,100,100,82,89,500,500,500,100,80,80198
769,3_2_stairs,2015-02-17 11:31:28,500,500,84,100,88,83,89,500,500,500,500,78,80198
770,3_2_stairs,2015-02-17 11:31:29,500,500,100,100,88,86,100,500,500,500,500,78,80198
771,3_2_stairs,2015-02-17 11:31:30,500,500,100,100,100,87,100,500,500,500,85,83,80198
772,3_2_stairs,2015-02-17 11:31:31,500,500,85,100,100,80,100,500,500,500,85,83,80198
773,3_2_stairs,2015-02-17 11:31:31,500,500,85,100,100,80,100,500,500,500,85,83,80198
774,3_2_stairs,2015-02-17 11:31:33,500,500,100,500,100,87,89,500,500,500,86,80,80198
775,3_2_stairs,2015-02-17 11:31:34,500,500,100,500,83,80,89,500,500,500,100,100,80198
776,3_2_stairs,2015-02-17 11:31:35,500,500,100,500,83,100,100,500,500,500,100,100,80198
777,3_2_stairs,2015-02-17 11:31:35,500,500,100,500,83,100,100,500,500,500,100,100,80198
778,3_2_stairs,2015-02-17 11:31:37,500,500,100,500,100,89,100,500,500,500,84,100,80198
779,3_2_stairs,2015-02-17 11:31:38,500,500,100,500,86,87,100,500,500,500,88,100,80198
780,3_2_stairs,2015-02-17 11:31:39,500,500,87,500,87,100,100,500,500,500,88,100,80198
781,3_2_stairs,2015-02-17 11:31:40,500,500,100,500,100,85,100,500,500,500,100,85,80198
782,3_2_stairs,2015-02-17 11:31:41,500,500,100,500,100,87,100,500,500,500,100,85,80198
783,3_2_stairs,2015-02-17 11:31:42,500,500,100,500,100,100,100,500,500,500,100,75,80198
784,3_2_stairs,2015-02-17 11:31:43,500,500,100,500,88,100,500,500,500,500,100,75,80198
785,3_2_stairs,2015-02-17 11:31:44,500,500,100,500,100,86,500,500,500,500,100,77,80198
786,3_2_stairs,2015-02-17 11:31:45,500,500,100,500,84,86,500,500,500,500,100,77,80198
787,3_2_stairs,2015-02-17 11:31:45,500,500,100,500,84,86,500,500,500,500,100,77,80198
788,3_2_stairs,2015-02-17 11:31:47,500,500,88,500,85,85,500,500,500,500,88,77,80198
789,3_2_stairs,2015-02-17 11:31:47,500,500,88,500,85,85,500,500,500,500,88,77,80198
790,3_2_stairs,2015-02-17 11:31:49,500,500,84,500,89,100,500,500,500,500,100,80,80198
791,3_2_stairs,2015-02-17 11:31:50,500,500,84,500,100,100,500,500,500,500,100,81,80198
792,3_2_stairs,2015-02-17 11:31:51,500,500,85,500,80,100,500,500,500,500,100,81,80198
793,3_2_stairs,2015-02-17 11:31:52,500,500,87,500,83,100,500,500,500,500,100,77,80198
794,3_2_stairs,2015-02-17 11:31:53,500,500,87,500,87,100,500,500,500,500,100,77,80198
795,3_2_stairs,2015-02-17 11:31:54,500,500,87,500,87,86,500,500,500,500,100,66,80198
796,3_2_stairs,2015-02-17 11:31:54,500,500,87,500,87,86,500,500,500,500,100,66,80198
797,3_2_stairs,2015-02-17 11:31:56,500,500,80,500,100,100,500,500,500,500,500,65,80198
798,3_2_stairs,2015-02-17 11:31:57,500,500,80,500,82,100,500,500,500,500,500,65,80198
799,3_2_stairs,2015-02-17 11:31:58,500,500,80,500,82,100,500,500,500,500,500,76,80198
800,3_2_stairs,2015-02-17 11:31:59,500,500,100,500,82,100,500,500,500,500,500,76,80198
801,3_2_stairs,2015-02-17 11:31:59,500,500,100,500,82,100,500,500,500,500,500,76,80198
802,3_2_stairs,2015-02-17 11:32:01,500,500,100,500,88,100,500,500,500,500,500,86,80198
803,3_2_stairs,2015-02-17 11:32:02,500,500,100,500,87,88,500,500,500,500,500,72,80198
804,3_2_stairs,2015-02-17 11:32:03,500,500,100,500,85,87,500,500,500,500,500,72,80198
805,3_2_stairs,2015-02-17 11:32:04,500,500,100,500,100,87,500,500,500,500,500,73,80198
806,3_2_stairs,2015-02-17 11:32:04,500,500,100,500,100,87,500,500,500,500,500,73,80198
807,3_2_stairs,2015-02-17 11:32:06,500,500,100,500,100,88,500,500,500,500,500,75,80198
808,none,2015-02-17 11:32:07,500,500,87,500,100,100,500,500,500,500,500,74,80198
809,3_2_stairs,2015-02-17 11:32:07,500,500,87,500,100,100,500,500,500,500,500,74,80198
810,none,2015-02-17 11:32:09,500,500,84,500,100,88,500,500,500,500,89,74,80198
811,none,2015-02-17 11:32:10,500,500,100,500,100,88,500,500,500,500,86,76,80198
812,none,2015-02-17 11:32:11,500,500,86,500,100,88,500,500,500,500,100,77,80198
813,none,2015-02-17 11:32:11,500,500,86,500,100,88,500,500,500,500,100,77,80198
814,none,2015-02-17 11:32:13,500,500,100,500,100,100,500,500,500,500,100,84,80198
815,none,2015-02-17 11:32:14,500,500,84,500,100,89,500,500,500,500,100,75,80198
816,none,2015-02-17 11:32:14,500,500,84,500,100,89,500,500,500,500,100,75,80198
817,none,2015-02-17 11:32:16,500,500,100,500,88,100,500,500,500,500,88,73,80198
818,none,2015-02-17 11:32:17,500,500,100,500,88,100,500,500,500,500,100,79,80198
819,none,2015-02-17 11:32:17,500,500,100,500,88,100,500,500,500,500,100,79,80198
820,none,2015-02-17 11:32:18,500,500,100,500,100,100,500,500,500,500,100,80,80198
821,none,2015-02-17 11:32:19,500,500,100,500,100,100,500,500,500,500,100,82,80198
822,none,2015-02-17 11:32:21,500,500,100,500,100,100,500,500,500,500,100,78,80198
823,none,2015-02-17 11:32:22,500,500,100,500,100,100,500,500,500,500,100,80,80198
824,3_sculpture,2015-02-17 11:32:22,500,500,100,500,100,100,500,500,500,500,100,80,80198
825,3_sculpture,2015-02-17 11:32:24,500,500,100,500,100,500,500,500,500,500,100,82,80198
826,3_sculpture,2015-02-17 11:32:25,500,500,100,500,89,500,500,500,500,500,500,82,80198
827,3_sculpture,2015-02-17 11:32:25,500,500,100,500,89,500,500,500,500,500,500,82,80198
828,3_sculpture,2015-02-17 11:32:26,500,500,100,500,100,500,500,500,500,500,500,86,80198
829,3_sculpture,2015-02-17 11:32:27,500,500,100,500,100,500,500,500,500,500,500,83,80198
830,3_sculpture,2015-02-17 11:32:28,500,500,100,500,100,500,500,500,500,500,500,80,80198
831,3_sculpture,2015-02-17 11:32:29,500,500,100,500,100,500,500,500,500,500,500,78,80198
832,3_sculpture,2015-02-17 11:32:30,500,500,100,500,100,500,500,500,500,500,500,84,80198
833,3_sculpture,2015-02-17 11:32:31,500,500,100,500,100,500,500,500,500,500,500,86,80198
834,3_sculpture,2015-02-17 11:32:32,500,500,100,500,100,500,500,500,500,500,500,87,80198
835,3_sculpture,2015-02-17 11:32:33,500,500,500,500,100,500,500,500,500,500,500,87,80198
836,3_sculpture,2015-02-17 11:32:34,500,500,500,500,100,500,500,500,500,500,500,84,80198
837,3_sculpture,2015-02-17 11:32:35,500,500,500,500,500,500,500,500,500,500,500,100,80198
838,3_sculpture,2015-02-17 11:32:36,500,500,500,500,500,500,500,500,500,500,500,100,80198
839,3_sculpture,2015-02-17 11:32:37,500,500,500,500,500,500,500,500,500,500,500,100,80198
840,3_sculpture,2015-02-17 11:32:38,500,500,500,500,500,500,500,500,500,500,500,100,80198
841,3_sculpture,2015-02-17 11:32:39,500,500,500,500,500,500,500,500,500,500,500,100,80198
842,3_sculpture,2015-02-17 11:32:40,500,500,500,500,500,500,500,500,500,500,500,100,80198
843,3_sculpture,2015-02-17 11:32:41,500,500,500,500,500,500,500,500,500,500,500,100,80198
844,3_sculpture,2015-02-17 11:32:42,500,500,500,500,500,500,500,500,500,500,500,100,80198
845,3_sculpture,2015-02-17 11:32:43,500,500,500,500,500,500,500,500,500,500,500,500,80198
846,3_sculpture,2015-02-17 11:32:44,500,500,500,500,500,500,500,500,500,500,500,500,80198
847,3_sculpture,2015-02-17 11:32:45,500,500,500,500,500,500,500,500,500,500,500,500,80198
848,3_sculpture,2015-02-17 11:32:46,500,500,500,500,500,500,500,500,500,500,500,500,80198
849,3_sculpture,2015-02-17 11:32:47,500,500,500,500,500,500,500,500,500,500,500,500,80198
850,3_sculpture,2015-02-17 11:32:48,500,500,500,500,500,500,500,500,500,500,500,500,80198
851,3_sculpture,2015-02-17 11:32:49,500,500,500,500,500,500,500,500,500,500,500,500,80198
852,3_sculpture,2015-02-17 11:32:50,500,500,500,500,500,500,500,500,500,500,500,500,80198
853,3_sculpture,2015-02-17 11:32:51,500,500,500,500,500,500,500,500,500,500,500,500,80198
854,3_sculpture,2015-02-17 11:32:52,500,500,500,500,500,500,500,500,500,500,500,500,80198
855,3_sculpture,2015-02-17 11:32:53,500,500,500,500,500,500,500,500,500,500,500,500,80198
856,3_sculpture,2015-02-17 11:32:54,500,500,500,500,500,500,500,500,500,500,500,500,80198
857,3_sculpture,2015-02-17 11:32:55,500,500,500,500,500,500,500,500,500,500,500,500,80198
858,3_sculpture,2015-02-17 11:32:56,500,500,500,500,500,500,500,500,500,500,500,500,80198
859,3_sculpture,2015-02-17 11:32:57,500,500,500,500,500,500,500,500,500,500,500,500,80198
860,3_sculpture,2015-02-17 11:32:58,500,500,500,500,500,500,500,500,500,500,500,500,80198
861,3_sculpture,2015-02-17 11:32:59,500,500,500,500,500,500,500,500,500,500,500,500,80198
862,3_sculpture,2015-02-17 11:33:00,500,500,500,500,500,500,500,500,500,500,500,500,80198
863,3_sculpture,2015-02-17 11:33:01,500,500,500,500,500,500,500,500,500,500,500,500,80198
864,3_sculpture,2015-02-17 11:33:02,500,500,500,500,500,500,500,500,500,500,500,500,80198
865,3_sculpture,2015-02-17 11:33:03,500,500,500,500,500,500,500,500,500,500,500,500,80198
866,3_sculpture,2015-02-17 11:33:04,500,500,500,500,500,500,500,500,500,500,500,500,80198
867,3_sculpture,2015-02-17 11:33:05,500,500,500,500,500,500,500,500,500,500,500,500,80198
868,3_sculpture,2015-02-17 11:33:06,500,500,500,500,500,500,500,500,500,500,500,500,80198
869,3_sculpture,2015-02-17 11:33:07,500,500,500,500,500,500,500,500,500,500,500,500,80198
870,3_sculpture,2015-02-17 11:33:08,500,500,500,500,500,500,500,500,500,500,500,500,80198
871,3_sculpture,2015-02-17 11:33:09,500,500,500,500,500,500,500,500,500,500,500,500,80198
872,3_sculpture,2015-02-17 11:33:10,500,500,500,500,500,500,500,500,500,500,500,500,80198
873,3_sculpture,2015-02-17 11:33:12,500,500,500,500,500,500,500,500,500,500,500,500,80198
874,3_sculpture,2015-02-17 11:33:12,500,500,500,500,500,500,500,500,500,500,500,500,80198
875,3_sculpture,2015-02-17 11:33:13,500,500,500,500,500,500,500,500,500,500,500,500,80198
876,3_sculpture,2015-02-17 11:33:14,500,500,84,500,500,500,500,500,500,500,500,83,80198
877,3_sculpture,2015-02-17 11:33:15,500,500,84,500,500,500,500,500,500,500,500,83,80198
878,3_sculpture,2015-02-17 11:33:17,500,500,100,500,500,500,500,500,500,500,500,89,80198
879,3_sculpture,2015-02-17 11:33:17,500,500,100,500,500,500,500,500,500,500,500,89,80198
880,3_sculpture,2015-02-17 11:33:18,500,500,100,500,500,500,500,500,500,500,500,100,80198
881,3_sculpture,2015-02-17 11:33:20,500,500,100,500,500,500,500,500,500,500,500,100,80198
882,none,2015-02-17 11:33:21,500,500,100,500,500,500,500,500,500,500,500,100,80198
883,none,2015-02-17 11:33:21,500,500,100,500,500,500,500,500,500,500,500,100,80198
884,none,2015-02-17 11:33:22,500,500,100,500,500,500,500,500,500,500,500,100,80198
885,none,2015-02-17 11:33:23,500,500,100,500,500,500,500,500,500,500,500,100,80198
886,none,2015-02-17 11:33:25,500,500,500,500,500,500,500,500,500,500,500,100,80198
887,none,2015-02-17 11:33:25,500,500,500,500,500,500,500,500,500,500,500,100,80198
888,none,2015-02-17 11:33:27,500,500,500,500,500,500,500,500,500,500,500,87,80198
889,none,2015-02-17 11:33:28,500,500,500,500,500,500,500,500,500,500,500,100,80198
890,none,2015-02-17 11:33:29,500,500,500,500,500,500,500,500,500,500,500,100,80198
891,none,2015-02-17 11:33:30,500,500,500,500,500,500,500,500,500,500,500,82,80198
892,none,2015-02-17 11:33:31,500,500,89,500,500,500,500,500,500,500,500,82,80198
893,none,2015-02-17 11:33:31,500,500,89,500,500,500,500,500,500,500,500,82,80198
894,none,2015-02-17 11:33:32,500,500,89,500,500,500,500,500,500,500,500,79,80198
895,none,2015-02-17 11:33:33,500,500,100,500,82,500,500,500,500,500,500,79,80198
896,none,2015-02-17 11:33:35,500,500,86,500,85,500,500,500,500,500,500,76,80198
897,3_2_stairs,2015-02-17 11:33:36,500,500,86,500,87,500,500,500,500,500,500,73,80198
898,3_2_stairs,2015-02-17 11:33:36,500,500,86,500,87,500,500,500,500,500,500,73,80198
899,3_2_stairs,2015-02-17 11:33:38,500,500,100,500,100,85,500,500,500,500,500,74,80198
900,3_2_stairs,2015-02-17 11:33:38,500,500,100,500,100,85,500,500,500,500,500,74,80198
901,3_2_stairs,2015-02-17 11:33:39,500,500,84,500,100,85,500,500,500,500,87,79,80198
902,3_2_stairs,2015-02-17 11:33:41,500,500,100,500,84,100,500,500,500,500,100,76,80198
903,3_2_stairs,2015-02-17 11:33:42,500,500,84,500,82,100,500,500,500,500,100,73,80198
904,3_2_stairs,2015-02-17 11:33:43,500,500,84,500,100,100,500,500,500,500,100,73,80198
905,none,2015-02-17 11:33:44,500,500,100,500,86,87,89,500,500,500,86,73,80198
906,none,2015-02-17 11:33:45,500,500,100,500,87,86,88,500,500,500,87,73,80198
907,none,2015-02-17 11:33:46,500,500,100,500,88,100,100,500,500,500,88,76,80198
908,none,2015-02-17 11:33:47,500,500,100,500,88,100,100,500,500,500,89,78,80198
909,none,2015-02-17 11:33:47,500,500,100,500,88,100,100,500,500,500,89,78,80198
910,none,2015-02-17 11:33:49,500,500,87,500,100,88,100,500,500,500,100,81,80198
911,none,2015-02-17 11:33:50,500,500,87,500,85,86,100,500,500,500,87,76,80198
912,none,2015-02-17 11:33:51,500,500,100,500,100,86,100,500,500,500,88,69,80198
913,none,2015-02-17 11:33:52,500,500,77,500,88,100,100,500,500,500,100,67,80198
914,none,2015-02-17 11:33:53,500,500,77,500,89,100,100,500,500,500,100,74,80198
915,none,2015-02-17 11:33:53,500,500,77,500,89,100,100,500,500,500,100,74,80198
916,none,2015-02-17 11:33:55,500,500,79,500,87,100,500,500,500,500,100,78,80198
917,none,2015-02-17 11:33:56,500,500,100,500,87,100,500,500,500,500,100,78,80198
918,none,2015-02-17 11:33:56,500,500,100,500,87,100,500,500,500,500,100,78,80198
919,3_gal,2015-02-17 11:33:58,500,500,82,500,88,100,500,500,500,500,100,79,80198
920,3_gal,2015-02-17 11:33:59,500,500,88,500,88,100,500,500,500,500,100,74,80198
921,3_gal,2015-02-17 11:34:00,500,500,88,500,83,500,500,500,500,500,500,74,80198
922,3_gal,2015-02-17 11:34:01,500,500,100,500,82,500,500,500,500,500,500,72,80198
923,3_gal,2015-02-17 11:34:01,500,500,100,500,82,500,500,500,500,500,500,72,80198
924,3_gal,2015-02-17 11:34:02,500,500,100,500,83,500,500,500,500,500,500,73,80198
925,3_gal,2015-02-17 11:34:03,500,500,100,500,82,89,500,500,500,500,500,75,80198
926,3_gal,2015-02-17 11:34:04,500,500,100,500,83,100,500,500,500,500,500,74,80198
927,3_gal,2015-02-17 11:34:06,500,500,100,500,100,100,500,500,500,500,500,77,80198
928,3_gal,2015-02-17 11:34:07,500,500,88,500,82,100,500,500,500,500,500,80,80198
929,3_gal,2015-02-17 11:34:08,500,500,100,500,82,100,500,500,500,500,500,81,80198
930,3_gal,2015-02-17 11:34:08,500,500,100,500,82,100,500,500,500,500,500,81,80198
931,3_gal,2015-02-17 11:34:10,500,500,100,500,79,100,500,500,500,500,500,84,80198
932,3_gal,2015-02-17 11:34:10,500,500,100,500,79,100,500,500,500,500,500,84,80198
933,3_gal,2015-02-17 11:34:11,500,500,100,500,78,100,500,500,500,500,500,85,80198
934,3_gal,2015-02-17 11:34:12,500,500,100,500,78,100,500,500,500,500,500,86,80198
935,3_gal,2015-02-17 11:34:13,500,500,100,500,84,500,500,500,500,500,500,86,80198
936,3_gal,2015-02-17 11:34:14,500,500,100,500,79,500,500,500,500,500,500,83,80198
937,3_gal,2015-02-17 11:34:15,500,500,100,500,100,500,500,500,500,500,500,83,80198
938,3_gal,2015-02-17 11:34:16,500,500,100,500,81,500,500,500,500,500,500,83,80198
939,3_gal,2015-02-17 11:34:17,500,500,500,500,78,500,500,500,500,500,500,83,80198
940,3_gal,2015-02-17 11:34:18,500,500,500,500,79,500,500,500,500,500,500,86,80198
941,3_gal,2015-02-17 11:34:19,500,500,500,500,73,500,500,500,500,500,500,86,80198
942,3_gal,2015-02-17 11:34:20,500,500,500,500,73,500,500,500,500,500,500,86,80198
943,3_gal,2015-02-17 11:34:21,500,500,500,500,76,500,500,500,500,500,500,86,80198
944,3_gal,2015-02-17 11:34:22,500,500,500,500,75,500,500,500,500,500,500,86,80198
945,3_gal,2015-02-17 11:34:23,500,500,500,500,73,500,500,500,500,500,500,86,80198
946,3_gal,2015-02-17 11:34:24,500,500,500,500,71,500,500,500,500,500,500,85,80198
947,3_gal,2015-02-17 11:34:25,500,500,500,500,77,500,500,500,500,500,500,85,80198
948,3_gal,2015-02-17 11:34:26,500,500,500,500,84,500,500,500,500,500,500,83,80198
949,3_gal,2015-02-17 11:34:27,500,500,500,500,81,500,500,500,500,500,500,83,80198
950,3_gal,2015-02-17 11:34:28,500,500,500,500,82,500,500,500,500,500,500,100,80198
951,3_gal,2015-02-17 11:34:29,500,500,500,500,80,500,500,500,500,500,500,100,80198
952,3_gal,2015-02-17 11:34:30,500,500,500,500,75,500,500,500,500,500,500,89,80198
953,3_gal,2015-02-17 11:34:31,500,500,500,500,84,500,500,500,500,500,500,89,80198
954,3_gal,2015-02-17 11:34:32,500,500,500,500,74,500,500,500,500,500,500,85,80198
955,3_gal,2015-02-17 11:34:33,500,500,500,500,100,500,500,500,500,500,500,85,80198
956,3_gal,2015-02-17 11:34:34,500,500,88,500,100,500,500,500,500,500,500,100,80198
957,3_gal,2015-02-17 11:34:35,500,500,100,500,84,500,500,500,500,500,500,100,80198
958,3_gal,2015-02-17 11:34:36,500,500,100,500,82,500,500,500,500,500,500,82,80198
959,3_gal,2015-02-17 11:34:37,500,500,100,500,81,500,500,500,500,500,500,82,80198
960,3_gal,2015-02-17 11:34:38,500,500,100,500,79,500,500,500,500,500,500,83,80198
961,3_gal,2015-02-17 11:34:39,500,500,100,500,78,500,500,500,500,500,500,83,80198
962,3_gal,2015-02-17 11:34:40,500,500,86,500,82,500,500,500,500,500,500,100,80198
963,3_gal,2015-02-17 11:34:41,500,500,86,500,83,500,500,500,500,500,500,100,80198
964,3_gal,2015-02-17 11:34:42,500,500,100,500,83,500,500,500,500,500,500,87,80198
965,3_gal,2015-02-17 11:34:43,500,500,100,500,82,500,500,500,500,500,500,87,80198
966,3_gal,2015-02-17 11:34:44,500,500,100,500,82,500,500,500,500,500,500,82,80198
967,3_gal,2015-02-17 11:34:45,500,500,100,500,75,500,500,500,500,500,500,82,80198
968,3_gal,2015-02-17 11:34:47,500,500,100,500,85,500,500,500,500,500,500,82,80198
969,3_gal,2015-02-17 11:34:47,500,500,100,500,85,500,500,500,500,500,500,82,80198
970,3_gal,2015-02-17 11:34:48,500,500,100,500,85,500,500,500,500,500,500,79,80198
971,3_gal,2015-02-17 11:34:50,500,500,500,500,78,500,500,500,500,500,500,88,80198
972,3_gal,2015-02-17 11:34:51,500,500,500,500,79,500,500,500,500,500,500,88,80198
973,3_gal,2015-02-17 11:34:52,500,500,500,500,77,500,500,500,500,500,500,100,80198
974,3_gal,2015-02-17 11:34:53,500,500,500,500,85,500,500,500,500,500,500,84,80198
975,none,2015-02-17 11:34:54,500,500,500,500,80,500,500,500,500,500,500,84,80198
976,none,2015-02-17 11:34:54,500,500,500,500,80,500,500,500,500,500,500,84,80198
977,none,2015-02-17 11:34:55,500,500,500,500,78,500,500,500,500,500,500,84,80198
978,none,2015-02-17 11:34:56,500,500,500,500,100,500,500,500,500,500,500,80,80198
979,none,2015-02-17 11:34:58,500,500,500,500,78,500,500,500,500,500,500,86,80198
980,none,2015-02-17 11:34:59,500,500,500,500,79,500,500,500,500,500,500,84,80198
981,none,2015-02-17 11:34:59,500,500,500,500,79,500,500,500,500,500,500,84,80198
982,none,2015-02-17 11:35:01,500,500,500,500,82,500,500,500,500,500,500,79,80198
983,none,2015-02-17 11:35:02,500,500,89,500,86,500,500,500,500,500,500,77,80198
984,none,2015-02-17 11:35:02,500,500,89,500,86,500,500,500,500,500,500,77,80198
985,none,2015-02-17 11:35:04,500,500,88,500,83,500,500,500,500,500,500,79,80198
986,none,2015-02-17 11:35:05,500,500,78,500,85,500,500,500,500,500,500,77,80198
987,none,2015-02-17 11:35:06,500,500,78,500,88,500,500,500,500,500,500,78,80198
988,none,2015-02-17 11:35:07,500,500,82,500,89,500,500,500,500,500,500,74,80198
989,none,2015-02-17 11:35:07,500,500,82,500,89,500,500,500,500,500,500,74,80198
990,3_lobby,2015-02-17 11:35:09,500,500,78,500,100,500,500,500,500,500,500,73,80198
991,3_lobby,2015-02-17 11:35:10,500,500,81,500,100,500,500,500,500,500,500,78,80198
992,3_lobby,2015-02-17 11:35:11,500,500,73,500,88,500,500,500,500,500,500,75,80198
993,3_lobby,2015-02-17 11:35:12,500,500,100,500,88,500,500,500,500,500,500,75,80198
994,3_lobby,2015-02-17 11:35:13,500,500,82,500,100,500,500,500,500,500,500,79,80198
995,3_lobby,2015-02-17 11:35:14,500,500,100,500,100,500,500,500,500,500,500,83,80198
996,3_lobby,2015-02-17 11:35:15,500,500,100,500,100,500,500,500,500,500,500,84,80198
997,3_lobby,2015-02-17 11:35:16,500,500,84,500,100,500,500,500,500,500,500,75,80198
998,3_lobby,2015-02-17 11:35:17,500,500,78,500,100,500,500,500,500,500,500,72,80198
999,3_lobby,2015-02-17 11:35:18,500,500,75,500,100,500,500,500,500,500,500,73,80198
1000,3_lobby,2015-02-17 11:35:19,500,500,70,500,100,500,500,500,500,500,500,78,80198
1001,3_lobby,2015-02-17 11:35:20,500,500,65,500,100,500,500,500,500,500,500,79,80198
1002,3_lobby,2015-02-17 11:35:21,500,500,68,500,500,500,500,500,500,500,500,83,80198
1003,3_lobby,2015-02-17 11:35:21,500,500,68,500,500,500,500,500,500,500,500,83,80198
1004,3_lobby,2015-02-17 11:35:22,500,500,74,500,500,500,500,500,500,500,500,85,80198
1005,3_lobby,2015-02-17 11:35:24,500,500,80,500,500,500,500,500,500,500,500,100,80198
1006,3_lobby,2015-02-17 11:35:24,500,500,80,500,500,500,500,500,500,500,500,100,80198
1007,3_lobby,2015-02-17 11:35:25,500,500,82,500,500,500,500,500,500,500,500,100,80198
1008,3_lobby,2015-02-17 11:35:27,500,500,76,500,500,500,500,500,500,500,500,89,80198
1009,3_lobby,2015-02-17 11:35:28,500,500,74,500,500,500,500,500,500,500,500,100,80198
1010,3_lobby,2015-02-17 11:35:28,500,500,74,500,500,500,500,500,500,500,500,100,80198
1011,3_lobby,2015-02-17 11:35:30,500,500,77,500,500,500,500,500,500,500,500,85,80198
1012,3_lobby,2015-02-17 11:35:30,500,500,77,500,500,500,500,500,500,500,500,85,80198
1013,3_lobby,2015-02-17 11:35:32,500,500,72,500,500,500,500,500,500,500,500,100,80198
1014,3_lobby,2015-02-17 11:35:32,500,500,72,500,500,500,500,500,500,500,500,100,80198
1015,3_lobby,2015-02-17 11:35:34,500,500,78,500,500,500,500,500,500,500,500,100,80198
1016,3_lobby,2015-02-17 11:35:34,500,500,78,500,500,500,500,500,500,500,500,100,80198
1017,3_lobby,2015-02-17 11:35:35,500,500,100,500,500,500,500,500,500,500,500,100,80198
1018,3_lobby,2015-02-17 11:35:37,500,500,87,500,500,500,500,500,500,500,500,100,80198
1019,3_lobby,2015-02-17 11:35:38,500,500,87,500,500,500,500,500,500,500,500,100,80198
1020,3_lobby,2015-02-17 11:35:38,500,500,87,500,500,500,500,500,500,500,500,100,80198
1021,3_lobby,2015-02-17 11:35:39,500,500,100,500,500,500,500,500,500,500,500,100,80198
1022,3_lobby,2015-02-17 11:35:40,500,500,100,500,500,500,500,500,500,500,500,500,80198
1023,3_lobby,2015-02-17 11:35:41,500,500,100,500,500,500,500,500,500,500,500,500,80198
1024,3_lobby,2015-02-17 11:35:42,500,500,100,500,500,500,500,500,500,500,500,500,80198
1025,3_lobby,2015-02-17 11:35:43,500,500,100,500,500,500,500,500,500,500,500,500,80198
1026,3_lobby,2015-02-17 11:35:44,500,500,100,500,500,500,500,500,500,500,500,500,80198
1027,3_lobby,2015-02-17 11:35:45,500,500,100,500,500,500,500,500,500,500,500,500,80198
1028,3_lobby,2015-02-17 11:35:46,500,500,100,500,500,500,500,500,500,500,500,500,80198
1029,3_lobby,2015-02-17 11:35:48,500,500,500,500,500,500,500,500,500,500,500,500,80198
1030,3_lobby,2015-02-17 11:35:48,500,500,500,500,500,500,500,500,500,500,500,500,80198
1031,3_lobby,2015-02-17 11:35:49,500,500,500,500,500,500,500,500,500,500,500,500,80198
1032,3_lobby,2015-02-17 11:35:50,500,500,86,500,500,500,500,500,500,500,500,89,80198
1033,3_lobby,2015-02-17 11:35:51,500,500,85,500,500,500,500,500,500,500,500,89,80198
1034,3_lobby,2015-02-17 11:35:52,500,500,100,500,500,500,500,500,500,500,500,100,80198
1035,3_lobby,2015-02-17 11:35:54,500,500,100,500,500,500,500,500,500,500,500,86,80198
1036,3_lobby,2015-02-17 11:35:55,500,500,100,500,500,500,500,500,500,500,500,86,80198
1037,3_lobby,2015-02-17 11:35:56,500,500,100,500,500,500,500,500,500,500,500,100,80198
1038,3_lobby,2015-02-17 11:35:57,500,500,86,500,500,500,500,500,500,500,500,100,80198
1039,none,2015-02-17 11:35:58,500,500,86,500,500,500,500,500,500,500,500,84,80198
1040,3_lobby,2015-02-17 11:35:58,500,500,86,500,500,500,500,500,500,500,500,84,80198
1041,none,2015-02-17 11:36:00,500,500,84,500,500,500,500,500,500,500,500,80,80198
1042,none,2015-02-17 11:36:00,500,500,84,500,500,500,500,500,500,500,500,80,80198
1043,none,2015-02-17 11:36:02,500,500,82,500,500,500,500,500,500,500,500,88,80198
1044,none,2015-02-17 11:36:02,500,500,82,500,500,500,500,500,500,500,500,88,80198
1045,none,2015-02-17 11:36:03,500,500,75,500,500,500,500,500,500,500,500,88,80198
1046,none,2015-02-17 11:36:05,500,500,83,500,500,500,500,500,500,500,500,82,80198
